Item,Price,Reviews,Image
"APPLE iPhone 13 (Blue, 128 GB)","₹62,999",4.7,https://rukminim1.flixcart.com/image/312/312/ktketu80/mobile/2/y/o/iphone-13-mlpk3hn-a-apple-original-imag6vpyur6hjngg.jpeg?q=70
"APPLE iPhone 13 (Midnight, 128 GB)","₹62,999",4.7,https://rukminim1.flixcart.com/image/312/312/ktketu80/mobile/s/l/c/iphone-13-mlpf3hn-a-apple-original-imag6vzz5qvejz8z.jpeg?q=70
"APPLE iPhone 13 (Green, 128 GB)","₹62,999",4.7,https://rukminim1.flixcart.com/image/312/312/l0igvww0/mobile/r/q/m/-original-imagca5ajerqpfjy.jpeg?q=70
"APPLE iPhone 13 (Pink, 128 GB)","₹62,999",4.7,https://rukminim1.flixcart.com/image/312/312/ktketu80/mobile/8/z/w/iphone-13-mlph3hn-a-apple-original-imag6vzzhrxgazsg.jpeg?q=70
"APPLE iPhone 13 (Starlight, 128 GB)","₹62,999",4.7,https://rukminim1.flixcart.com/image/312/312/ktketu80/mobile/6/n/d/iphone-13-mlpg3hn-a-apple-original-imag6vpyghayhhrh.jpeg?q=70
"APPLE iPhone 13 ((PRODUCT)RED, 256 GB)","₹72,999",4.7,https://rukminim1.flixcart.com/image/312/312/ktketu80/mobile/a/m/7/iphone-13-mlpj3hn-a-apple-original-imag6vpyk3w4zarg.jpeg?q=70
"APPLE iPhone 13 (Blue, 256 GB)","₹72,999",4.7,https://rukminim1.flixcart.com/image/312/312/ktketu80/mobile/2/y/o/iphone-13-mlpk3hn-a-apple-original-imag6vpyur6hjngg.jpeg?q=70
"APPLE iPhone 13 (Green, 256 GB)","₹72,999",4.7,https://rukminim1.flixcart.com/image/312/312/l0igvww0/mobile/r/q/m/-original-imagca5ajerqpfjy.jpeg?q=70
"APPLE iPhone 13 (Midnight, 256 GB)","₹72,999",4.7,https://rukminim1.flixcart.com/image/312/312/ktketu80/mobile/s/l/c/iphone-13-mlpf3hn-a-apple-original-imag6vzz5qvejz8z.jpeg?q=70
"APPLE iPhone 13 (Starlight, 256 GB)","₹72,999",4.7,https://rukminim1.flixcart.com/image/312/312/ktketu80/mobile/6/n/d/iphone-13-mlpg3hn-a-apple-original-imag6vpyghayhhrh.jpeg?q=70
"APPLE iPhone 13 (Blue, 512 GB)","₹92,999",4.7,https://rukminim1.flixcart.com/image/312/312/ktketu80/mobile/2/y/o/iphone-13-mlpk3hn-a-apple-original-imag6vpyur6hjngg.jpeg?q=70
"APPLE iPhone 13 (Starlight, 512 GB)","₹92,999",4.7,https://rukminim1.flixcart.com/image/312/312/ktketu80/mobile/6/n/d/iphone-13-mlpg3hn-a-apple-original-imag6vpyghayhhrh.jpeg?q=70
"APPLE iPhone 13 ((PRODUCT)RED, 128 GB)","₹62,999",4.7,https://rukminim1.flixcart.com/image/312/312/ktketu80/mobile/a/m/7/iphone-13-mlpj3hn-a-apple-original-imag6vpyk3w4zarg.jpeg?q=70
"APPLE iPhone 13 (Midnight, 512 GB)","₹92,999",4.7,https://rukminim1.flixcart.com/image/312/312/ktketu80/mobile/s/l/c/iphone-13-mlpf3hn-a-apple-original-imag6vzz5qvejz8z.jpeg?q=70
"APPLE iPhone 13 (Pink, 256 GB)","₹72,999",4.7,https://rukminim1.flixcart.com/image/312/312/ktketu80/mobile/8/z/w/iphone-13-mlph3hn-a-apple-original-imag6vzzhrxgazsg.jpeg?q=70
"APPLE iPhone 13 (Pink, 512 GB)","₹92,999",4.7,https://rukminim1.flixcart.com/image/312/312/ktketu80/mobile/8/z/w/iphone-13-mlph3hn-a-apple-original-imag6vzzhrxgazsg.jpeg?q=70
"APPLE iPhone 13 (Green, 512 GB)","₹92,999",4.7,https://rukminim1.flixcart.com/image/312/312/l0igvww0/mobile/r/q/m/-original-imagca5ajerqpfjy.jpeg?q=70
"APPLE iPhone 13 (Red, 512 GB)","₹92,999",4.7,https://rukminim1.flixcart.com/image/312/312/ktketu80/mobile/a/m/7/iphone-13-mlpj3hn-a-apple-original-imag6vpyk3w4zarg.jpeg?q=70
"APPLE iPhone 11 (Black, 128 GB)","₹42,999",4.6,https://rukminim1.flixcart.com/image/312/312/k2jbyq80pkrrdj/mobile-refurbished/x/j/s/iphone-11-128-d-mwm02hn-a-apple-0-original-imafkg242ugz8hwc.jpeg?q=70
"APPLE iPhone 11 (Purple, 128 GB)","₹42,999",4.6,https://rukminim1.flixcart.com/image/312/312/k2jbyq80pkrrdj/mobile-refurbished/y/k/z/iphone-11-64-a-mwlx2hn-a-apple-0-original-imafkg24ymsjav9h.jpeg?q=70
"APPLE iPhone 11 (White, 128 GB)","₹43,999",4.6,https://rukminim1.flixcart.com/image/312/312/k2jbyq80pkrrdj/mobile-refurbished/k/y/d/iphone-11-256-u-mwm82hn-a-apple-0-original-imafkg25mhaztxns.jpeg?q=70
"APPLE iPhone 11 (Green, 128 GB)","₹42,999",4.6,https://rukminim1.flixcart.com/image/312/312/k2jbyq80pkrrdj/mobile-refurbished/u/z/t/iphone-11-256-c-mwmd2hn-a-apple-0-original-imafkg24wszdhzy3.jpeg?q=70
"APPLE iPhone 11 (White, 64 GB)","₹37,999",4.6,https://rukminim1.flixcart.com/image/312/312/k2jbyq80pkrrdj/mobile-refurbished/k/y/d/iphone-11-256-u-mwm82hn-a-apple-0-original-imafkg25mhaztxns.jpeg?q=70
"APPLE iPhone 11 (Purple, 64 GB)","₹37,999",4.6,https://rukminim1.flixcart.com/image/312/312/k2jbyq80pkrrdj/mobile-refurbished/y/k/z/iphone-11-64-a-mwlx2hn-a-apple-0-original-imafkg24ymsjav9h.jpeg?q=70
"APPLE iPhone 11 (Black, 64 GB)","₹37,999",4.6,https://rukminim1.flixcart.com/image/312/312/k2jbyq80pkrrdj/mobile-refurbished/x/j/s/iphone-11-128-d-mwm02hn-a-apple-0-original-imafkg242ugz8hwc.jpeg?q=70
"APPLE iPhone 11 (Green, 64 GB)","₹37,999",4.6,https://rukminim1.flixcart.com/image/312/312/k2jbyq80pkrrdj/mobile-refurbished/u/z/t/iphone-11-256-c-mwmd2hn-a-apple-0-original-imafkg24wszdhzy3.jpeg?q=70
"APPLE iPhone 14 Plus ((PRODUCT)RED, 256 GB)","₹99,900",4.5,https://rukminim1.flixcart.com/image/312/312/xif0q/mobile/a/h/7/-original-imaghx9qaepzajta.jpeg?q=70
"APPLE iPhone 12 Mini (White, 64 GB)","₹39,999",4.5,https://rukminim1.flixcart.com/image/312/312/kg8avm80/mobile/d/g/b/apple-iphone-12-mini-dummyapplefsn-original-imafwgbfhx4cfzue.jpeg?q=70
"APPLE iPhone 12 Mini (Blue, 64 GB)","₹39,999",4.5,https://rukminim1.flixcart.com/image/312/312/kg8avm80/mobile/s/h/f/apple-iphone-12-mini-dummyapplefsn-original-imafwgbfukehtnxv.jpeg?q=70
"APPLE iPhone 12 Mini (Black, 128 GB)","₹44,999",4.5,https://rukminim1.flixcart.com/image/312/312/kg8avm80/mobile/n/p/d/apple-iphone-12-mini-dummyapplefsn-original-imafwgbfwkfrerak.jpeg?q=70
"APPLE iPhone 12 Mini (Black, 64 GB)","₹39,999",4.5,https://rukminim1.flixcart.com/image/312/312/kg8avm80/mobile/n/p/d/apple-iphone-12-mini-dummyapplefsn-original-imafwgbfwkfrerak.jpeg?q=70
"APPLE iPhone 12 (Black, 128 GB)","₹55,999",4.6,https://rukminim1.flixcart.com/image/312/312/kg8avm80/mobile/r/h/z/apple-iphone-12-dummyapplefsn-original-imafwg8duby8qbn4.jpeg?q=70
"APPLE iPhone 11 (Red, 64 GB)","₹37,999",4.6,https://rukminim1.flixcart.com/image/312/312/k2jbyq80pkrrdj/mobile-refurbished/q/z/g/iphone-11-128-a-mwm32hn-a-apple-0-original-imafkg25hjmuy98e.jpeg?q=70
"APPLE iPhone 12 Mini (Red, 64 GB)","₹39,999",4.5,https://rukminim1.flixcart.com/image/312/312/kg8avm80/mobile/n/2/u/apple-iphone-12-mini-dummyapplefsn-original-imafwgbfxuhswfgj.jpeg?q=70
"APPLE iPhone 11 (Red, 128 GB)","₹42,999",4.6,https://rukminim1.flixcart.com/image/312/312/k2jbyq80pkrrdj/mobile-refurbished/q/z/g/iphone-11-128-a-mwm32hn-a-apple-0-original-imafkg25hjmuy98e.jpeg?q=70
"APPLE iPhone 12 Mini (White, 128 GB)","₹44,999",4.5,https://rukminim1.flixcart.com/image/312/312/kg8avm80/mobile/d/g/b/apple-iphone-12-mini-dummyapplefsn-original-imafwgbfhx4cfzue.jpeg?q=70
"APPLE iPhone 12 Mini (Red, 128 GB)","₹44,999",4.5,https://rukminim1.flixcart.com/image/312/312/kg8avm80/mobile/n/2/u/apple-iphone-12-mini-dummyapplefsn-original-imafwgbfxuhswfgj.jpeg?q=70
"APPLE iPhone 12 Mini (Blue, 128 GB)","₹44,999",4.5,https://rukminim1.flixcart.com/image/312/312/kg8avm80/mobile/s/h/f/apple-iphone-12-mini-dummyapplefsn-original-imafwgbfukehtnxv.jpeg?q=70
"APPLE iPhone 12 (White, 128 GB)","₹55,999",4.6,https://rukminim1.flixcart.com/image/312/312/kg8avm80/mobile/j/f/9/apple-iphone-12-dummyapplefsn-original-imafwg8dkyh2zgrh.jpeg?q=70
"APPLE iPhone 12 (Purple, 128 GB)","₹55,999",4.6,https://rukminim1.flixcart.com/image/312/312/ko0d6kw0/mobile/6/h/y/iphone-12-mjnm3hn-a-apple-original-imag2k2v6ehvnzfd.jpeg?q=70
"APPLE iPhone 14 Plus (Blue, 128 GB)","₹89,900",4.5,https://rukminim1.flixcart.com/image/312/312/xif0q/mobile/c/4/d/-original-imaghx9qygjjg8hz.jpeg?q=70
"APPLE iPhone 14 Pro (Space Black, 512 GB)","₹1,59,900",4.8,https://rukminim1.flixcart.com/image/312/312/xif0q/mobile/y/l/p/-original-imaghxemc3wtcuhb.jpeg?q=70
"APPLE iPhone 13 Mini (Blue, 256 GB)","₹68,990",4.5,https://rukminim1.flixcart.com/image/312/312/ktketu80/mobile/a/i/l/iphone-13-mini-mlk93hn-a-apple-original-imag6vp6x67yypzk.jpeg?q=70
"APPLE iPhone 14 Plus (Midnight, 256 GB)","₹99,900",4.5,https://rukminim1.flixcart.com/image/312/312/xif0q/mobile/a/b/0/-original-imaghx9qnhzxegu2.jpeg?q=70
"APPLE iPhone 12 Mini (Green, 128 GB)","₹44,999",4.5,https://rukminim1.flixcart.com/image/312/312/kg8avm80/mobile/h/v/w/apple-iphone-12-mini-dummyapplefsn-original-imafwgb2zkjcwpre.jpeg?q=70
"APPLE iPhone 14 (Purple, 128 GB)","₹79,900",4.6,https://rukminim1.flixcart.com/image/312/312/xif0q/mobile/b/u/f/-original-imaghxa5hvapbfds.jpeg?q=70
"APPLE iPhone 14 Plus (Starlight, 256 GB)","₹99,900",4.5,https://rukminim1.flixcart.com/image/312/312/xif0q/mobile/l/v/8/-original-imaghx9qudmydgc4.jpeg?q=70
"APPLE iPhone 11 (Yellow, 128 GB)","₹45,999",4.6,https://rukminim1.flixcart.com/image/312/312/k2jbyq80pkrrdj/mobile-refurbished/y/y/z/iphone-11-64-a-mwlw2hn-a-apple-0-original-imafkg25qghgbxmm.jpeg?q=70
"APPLE iPhone 14 (Blue, 128 GB)","₹79,900",4.6,https://rukminim1.flixcart.com/image/312/312/xif0q/mobile/3/5/l/-original-imaghx9qmgqsk9s4.jpeg?q=70
"APPLE iPhone 14 (Starlight, 128 GB)","₹79,900",4.6,https://rukminim1.flixcart.com/image/312/312/xif0q/mobile/m/o/b/-original-imaghx9qkugtbfrn.jpeg?q=70
"APPLE iPhone 14 ((PRODUCT)RED, 128 GB)","₹79,900",4.6,https://rukminim1.flixcart.com/image/312/312/xif0q/mobile/r/k/o/-original-imaghx9qtwbnhwvy.jpeg?q=70
"APPLE iPhone 14 Plus (Starlight, 128 GB)","₹89,900",4.5,https://rukminim1.flixcart.com/image/312/312/xif0q/mobile/l/v/8/-original-imaghx9qudmydgc4.jpeg?q=70
"APPLE iPhone 14 (Blue, 256 GB)","₹89,900",4.6,https://rukminim1.flixcart.com/image/312/312/xif0q/mobile/3/5/l/-original-imaghx9qmgqsk9s4.jpeg?q=70
"APPLE iPhone 14 ((PRODUCT)RED, 256 GB)","₹89,900",4.6,https://rukminim1.flixcart.com/image/312/312/xif0q/mobile/r/k/o/-original-imaghx9qtwbnhwvy.jpeg?q=70
"APPLE iPhone 12 (Purple, 64 GB)","₹50,999",4.6,https://rukminim1.flixcart.com/image/312/312/ko0d6kw0/mobile/6/h/y/iphone-12-mjnm3hn-a-apple-original-imag2k2v6ehvnzfd.jpeg?q=70
"APPLE iPhone 14 (Midnight, 128 GB)","₹79,900",4.6,https://rukminim1.flixcart.com/image/312/312/xif0q/mobile/9/e/e/-original-imaghx9q5rvcdghy.jpeg?q=70
"APPLE iPhone 13 Pro Max (Alpine Green, 256 GB)","₹1,39,900",4.6,https://rukminim1.flixcart.com/image/312/312/l0igvww0/mobile/2/g/r/-original-imagca5kqvhuscnv.jpeg?q=70
"APPLE iPhone 12 (White, 64 GB)","₹50,999",4.6,https://rukminim1.flixcart.com/image/312/312/kg8avm80/mobile/j/f/9/apple-iphone-12-dummyapplefsn-original-imafwg8dkyh2zgrh.jpeg?q=70
"APPLE iPhone 12 (Green, 128 GB)","₹55,999",4.6,https://rukminim1.flixcart.com/image/312/312/kg8avm80/mobile/p/f/w/apple-iphone-12-dummyapplefsn-original-imafwg8dubf3nytw.jpeg?q=70
"APPLE iPhone 13 Mini (Starlight, 512 GB)","₹79,990",4.5,https://rukminim1.flixcart.com/image/312/312/ktketu80/mobile/a/j/u/iphone-13-mini-mlkc3hn-a-apple-original-imag6vp6swvmsbnn.jpeg?q=70
"APPLE iPhone 14 Plus ((PRODUCT)RED, 128 GB)","₹89,900",4.5,https://rukminim1.flixcart.com/image/312/312/xif0q/mobile/a/h/7/-original-imaghx9qaepzajta.jpeg?q=70
"APPLE iPhone 14 (Blue, 512 GB)","₹1,09,900",4.6,https://rukminim1.flixcart.com/image/312/312/xif0q/mobile/3/5/l/-original-imaghx9qmgqsk9s4.jpeg?q=70
"APPLE iPhone 12 Mini (Black, 256 GB)","₹54,999",4.5,https://rukminim1.flixcart.com/image/312/312/kg8avm80/mobile/n/p/d/apple-iphone-12-mini-dummyapplefsn-original-imafwgbfwkfrerak.jpeg?q=70
"APPLE iPhone 12 (Black, 64 GB)","₹50,999",4.6,https://rukminim1.flixcart.com/image/312/312/kg8avm80/mobile/r/h/z/apple-iphone-12-dummyapplefsn-original-imafwg8duby8qbn4.jpeg?q=70
"APPLE iPhone 14 Plus (Blue, 256 GB)","₹99,900",4.5,https://rukminim1.flixcart.com/image/312/312/xif0q/mobile/c/4/d/-original-imaghx9qygjjg8hz.jpeg?q=70
"APPLE iPhone 12 (Blue, 128 GB)","₹55,999",4.6,https://rukminim1.flixcart.com/image/312/312/kg8avm80/mobile/y/7/n/apple-iphone-12-dummyapplefsn-original-imafwg8dpyjvgg3j.jpeg?q=70
"APPLE iPhone 12 (Red, 128 GB)","₹55,999",4.6,https://rukminim1.flixcart.com/image/312/312/kg8avm80/mobile/q/8/f/apple-iphone-12-dummyapplefsn-original-imafwg8dbzv8vh7t.jpeg?q=70
"APPLE iPhone 13 Pro (Gold, 128 GB)","₹1,19,900",4.6,https://rukminim1.flixcart.com/image/312/312/ktketu80/mobile/z/h/v/iphone-13-pro-mlvq3hn-a-apple-original-imag6vpc6mx3zwhz.jpeg?q=70
"APPLE iPhone 13 Pro Max (Graphite, 128 GB)","₹1,29,900",4.6,https://rukminim1.flixcart.com/image/312/312/ktketu80/mobile/3/e/o/iphone-13-pro-max-mll63hn-a-apple-original-imag6vpgwfgxdsj6.jpeg?q=70
"APPLE iPhone 14 Plus (Purple, 128 GB)","₹89,900",4.5,https://rukminim1.flixcart.com/image/312/312/xif0q/mobile/v/0/t/-original-imaghxa5rgcv5enm.jpeg?q=70
"APPLE iPhone 14 (Purple, 256 GB)","₹89,900",4.6,https://rukminim1.flixcart.com/image/312/312/xif0q/mobile/b/u/f/-original-imaghxa5hvapbfds.jpeg?q=70
"APPLE iPhone 13 Mini ((PRODUCT)RED, 512 GB)","₹79,990",4.5,https://rukminim1.flixcart.com/image/312/312/ktketu80/mobile/i/q/p/iphone-13-mini-mlke3hn-a-apple-original-imag6vp6abdxzuh8.jpeg?q=70
"APPLE iPhone 14 Plus (Midnight, 128 GB)","₹89,900",4.5,https://rukminim1.flixcart.com/image/312/312/xif0q/mobile/a/b/0/-original-imaghx9qnhzxegu2.jpeg?q=70
"APPLE iPhone 13 Mini ((PRODUCT)RED, 256 GB)","₹68,990",4.5,https://rukminim1.flixcart.com/image/312/312/ktketu80/mobile/i/q/p/iphone-13-mini-mlke3hn-a-apple-original-imag6vp6abdxzuh8.jpeg?q=70
"APPLE iPhone 14 (Midnight, 256 GB)","₹89,900",4.6,https://rukminim1.flixcart.com/image/312/312/xif0q/mobile/9/e/e/-original-imaghx9q5rvcdghy.jpeg?q=70
"APPLE iPhone SE (3rd Gen) (Starlight, 128 GB)","₹52,990",4.3,https://rukminim1.flixcart.com/image/312/312/l0igvww0/mobile/l/h/4/-original-imagca67uzxhrkgd.jpeg?q=70
"APPLE iPhone 12 (Red, 64 GB)","₹50,999",4.6,https://rukminim1.flixcart.com/image/312/312/kg8avm80/mobile/q/8/f/apple-iphone-12-dummyapplefsn-original-imafwg8dbzv8vh7t.jpeg?q=70
"APPLE iPhone SE (Black, 128 GB)","₹34,990",4.5,https://rukminim1.flixcart.com/image/312/312/k9loccw0/mobile/p/z/q/apple-iphone-se-mxd02hn-a-original-imafrcpjyscxm8fv.jpeg?q=70
"APPLE iPhone 13 Pro (Silver, 128 GB)","₹1,19,900",4.6,https://rukminim1.flixcart.com/image/312/312/ktketu80/mobile/a/e/g/iphone-13-pro-mlvw3hn-a-apple-original-imag6vpcvspnzyfy.jpeg?q=70
"APPLE iPhone 13 mini (Green, 512 GB)","₹79,990",4.5,https://rukminim1.flixcart.com/image/312/312/l0igvww0/mobile/y/j/1/-original-imagca5ge9yrbrzq.jpeg?q=70
"APPLE iPhone 13 Pro (Alpine Green, 512 GB)","₹1,49,900",4.6,https://rukminim1.flixcart.com/image/312/312/l0igvww0/mobile/c/j/j/-original-imagca5hhzsgpycf.jpeg?q=70
"APPLE iPhone 14 Plus (Purple, 256 GB)","₹99,900",4.5,https://rukminim1.flixcart.com/image/312/312/xif0q/mobile/v/0/t/-original-imaghxa5rgcv5enm.jpeg?q=70
"APPLE iPhone 11 (Yellow, 64 GB)","₹40,999",4.6,https://rukminim1.flixcart.com/image/312/312/k2jbyq80pkrrdj/mobile-refurbished/y/y/z/iphone-11-64-a-mwlw2hn-a-apple-0-original-imafkg25qghgbxmm.jpeg?q=70
"APPLE iPhone 13 Pro (Graphite, 256 GB)","₹1,29,900",4.6,https://rukminim1.flixcart.com/image/312/312/ktketu80/mobile/m/t/r/iphone-13-pro-mlvv3hn-a-apple-original-imag6vpb7zg6bnvb.jpeg?q=70
"APPLE iPhone SE (Red, 256 GB)","₹42,990",4.5,https://rukminim1.flixcart.com/image/312/312/k9loccw0/mobile/6/8/g/apple-iphone-se-mxvv2hn-a-original-imafrcqmfh4zznmq.jpeg?q=70
"APPLE iPhone 13 Pro Max (Gold, 256 GB)","₹1,39,900",4.6,https://rukminim1.flixcart.com/image/312/312/ktketu80/mobile/6/v/c/iphone-13-pro-max-mllh3hn-a-apple-original-imag6vpgpycue85h.jpeg?q=70
"Apple iPhone XR (White, 128 GB) (Includes EarPods, Power Adapter)","₹44,999",4.6,https://rukminim1.flixcart.com/image/312/312/jnj7iq80/mobile/y/q/d/apple-iphone-xr-mry52hn-a-original-imafa6zkfgwpnsgz.jpeg?q=70
"APPLE iPhone 13 Pro Max (Silver, 128 GB)","₹1,29,900",4.6,https://rukminim1.flixcart.com/image/312/312/ktketu80/mobile/c/g/4/iphone-13-pro-max-mlll3hn-a-apple-original-imag6vpg3r7dyvhm.jpeg?q=70
"APPLE iPhone SE (Red, 128 GB)","₹34,990",4.5,https://rukminim1.flixcart.com/image/312/312/k9loccw0/mobile/6/8/g/apple-iphone-se-mxvv2hn-a-original-imafrcqmfh4zznmq.jpeg?q=70
"APPLE iPhone 12 Mini (Blue, 256 GB)","₹54,999",4.5,https://rukminim1.flixcart.com/image/312/312/kg8avm80/mobile/s/h/f/apple-iphone-12-mini-dummyapplefsn-original-imafwgbfukehtnxv.jpeg?q=70
"APPLE iPhone SE (White, 256 GB)","₹42,990",4.5,https://rukminim1.flixcart.com/image/312/312/k9loccw0/mobile/6/b/z/apple-iphone-se-mxd12hn-a-original-imafrcqf9nze6evk.jpeg?q=70
"APPLE iPhone 12 Mini (Green, 256 GB)","₹54,999",4.5,https://rukminim1.flixcart.com/image/312/312/kg8avm80/mobile/h/v/w/apple-iphone-12-mini-dummyapplefsn-original-imafwgb2zkjcwpre.jpeg?q=70
"APPLE iPhone 12 (Green, 64 GB)","₹50,999",4.6,https://rukminim1.flixcart.com/image/312/312/kg8avm80/mobile/p/f/w/apple-iphone-12-dummyapplefsn-original-imafwg8dubf3nytw.jpeg?q=70
"APPLE iPhone 12 (Blue, 256 GB)","₹65,999",4.6,https://rukminim1.flixcart.com/image/312/312/kg8avm80/mobile/y/7/n/apple-iphone-12-dummyapplefsn-original-imafwg8dpyjvgg3j.jpeg?q=70
"APPLE iPhone 14 (Starlight, 256 GB)","₹89,900",4.6,https://rukminim1.flixcart.com/image/312/312/xif0q/mobile/m/o/b/-original-imaghx9qkugtbfrn.jpeg?q=70
"APPLE iPhone 13 Mini (Blue, 512 GB)","₹79,990",4.5,https://rukminim1.flixcart.com/image/312/312/ktketu80/mobile/a/i/l/iphone-13-mini-mlk93hn-a-apple-original-imag6vp6x67yypzk.jpeg?q=70
"APPLE iPhone 13 Pro (Graphite, 128 GB)","₹1,19,900",4.6,https://rukminim1.flixcart.com/image/312/312/ktketu80/mobile/m/t/r/iphone-13-pro-mlvv3hn-a-apple-original-imag6vpb7zg6bnvb.jpeg?q=70
"APPLE iPhone 13 Pro Max (Sierra Blue, 1 TB)","₹1,79,900",4.6,https://rukminim1.flixcart.com/image/312/312/ktketu80/mobile/r/m/8/iphone-13-pro-max-mllj3hn-a-apple-original-imag6vpgphrzuffg.jpeg?q=70
"APPLE iPhone 13 Mini (Pink, 128 GB)","₹54,990",4.5,https://rukminim1.flixcart.com/image/312/312/ktketu80/mobile/u/p/8/iphone-13-mini-mlk23hn-a-apple-original-imag6vp6btm5zacs.jpeg?q=70
"APPLE iPhone 13 Pro (Alpine Green, 128 GB)","₹1,19,900",4.6,https://rukminim1.flixcart.com/image/312/312/l0igvww0/mobile/c/j/j/-original-imagca5hhzsgpycf.jpeg?q=70
"APPLE iPhone 12 Mini (Purple, 256 GB)","₹54,999",4.5,https://rukminim1.flixcart.com/image/312/312/ko0d6kw0/mobile/d/h/5/iphone-12-mini-mjqh3hn-a-apple-original-imag2k2xuuyfyusd.jpeg?q=70
"APPLE iPhone 14 Pro (Silver, 512 GB)","₹1,59,900",4.8,https://rukminim1.flixcart.com/image/312/312/xif0q/mobile/h/r/e/-original-imaghxeeme2n7hy7.jpeg?q=70
"APPLE iPhone 12 Mini (Red, 256 GB)","₹54,999",4.5,https://rukminim1.flixcart.com/image/312/312/kg8avm80/mobile/n/2/u/apple-iphone-12-mini-dummyapplefsn-original-imafwgbfxuhswfgj.jpeg?q=70
"APPLE iPhone 12 Pro (Silver, 128 GB)","₹99,990",4.5,https://rukminim1.flixcart.com/image/312/312/kg8avm80/mobile/b/v/a/apple-iphone-12-pro-dummyapplefsn-original-imafwgbr45csnczy.jpeg?q=70
"APPLE iPhone 12 (Purple, 256 GB)","₹65,999",4.6,https://rukminim1.flixcart.com/image/312/312/ko0d6kw0/mobile/6/h/y/iphone-12-mjnm3hn-a-apple-original-imag2k2v6ehvnzfd.jpeg?q=70
"APPLE iPhone 13 Mini (Pink, 512 GB)","₹79,990",4.5,https://rukminim1.flixcart.com/image/312/312/ktketu80/mobile/u/p/8/iphone-13-mini-mlk23hn-a-apple-original-imag6vp6btm5zacs.jpeg?q=70
"APPLE iPhone 12 Pro (Graphite, 512 GB)","₹1,09,990",4.5,https://rukminim1.flixcart.com/image/312/312/kg8avm80/mobile/u/q/d/apple-iphone-12-pro-dummyapplefsn-original-imafwgbrbzjgug4j.jpeg?q=70
"APPLE iPhone 13 Pro (Gold, 512 GB)","₹1,49,900",4.6,https://rukminim1.flixcart.com/image/312/312/ktketu80/mobile/z/h/v/iphone-13-pro-mlvq3hn-a-apple-original-imag6vpc6mx3zwhz.jpeg?q=70
"APPLE iPhone 12 (Black, 256 GB)","₹65,999",4.6,https://rukminim1.flixcart.com/image/312/312/kg8avm80/mobile/r/h/z/apple-iphone-12-dummyapplefsn-original-imafwg8duby8qbn4.jpeg?q=70
"APPLE iPhone 14 ((PRODUCT)RED, 512 GB)","₹1,09,900",4.6,https://rukminim1.flixcart.com/image/312/312/xif0q/mobile/r/k/o/-original-imaghx9qtwbnhwvy.jpeg?q=70
"APPLE iPhone 11 Pro Max (Space Grey, 64 GB)","₹99,990",4.7,https://rukminim1.flixcart.com/image/312/312/k2jbyq80pkrrdj/mobile-refurbished/c/u/e/iphone-11-pro-512-u-mwcd2hn-a-apple-0-original-imafkg2fhzhzzh5s.jpeg?q=70
"APPLE iPhone 13 Pro Max (Silver, 512 GB)","₹1,59,900",4.6,https://rukminim1.flixcart.com/image/312/312/ktketu80/mobile/c/g/4/iphone-13-pro-max-mlll3hn-a-apple-original-imag6vpg3r7dyvhm.jpeg?q=70
"APPLE iPhone 12 Pro (Pacific Blue, 512 GB)","₹1,09,990",4.5,https://rukminim1.flixcart.com/image/312/312/kg8avm80/mobile/u/c/d/apple-iphone-12-pro-dummyapplefsn-original-imafwgbrzxg3nggd.jpeg?q=70
"APPLE iPhone 12 (White, 256 GB)","₹65,999",4.6,https://rukminim1.flixcart.com/image/312/312/kg8avm80/mobile/j/f/9/apple-iphone-12-dummyapplefsn-original-imafwg8dkyh2zgrh.jpeg?q=70
"APPLE iPhone 13 Pro (Sierra Blue, 512 GB)","₹1,49,900",4.6,https://rukminim1.flixcart.com/image/312/312/ktketu80/mobile/e/l/i/iphone-13-pro-mlw03hn-a-apple-original-imag6vpb2kj4dcp5.jpeg?q=70
"APPLE iPhone 14 Plus ((PRODUCT)RED, 512 GB)","₹1,19,900",4.5,https://rukminim1.flixcart.com/image/312/312/xif0q/mobile/a/h/7/-original-imaghx9qaepzajta.jpeg?q=70
"APPLE iPhone 14 (Midnight, 512 GB)","₹1,09,900",4.6,https://rukminim1.flixcart.com/image/312/312/xif0q/mobile/9/e/e/-original-imaghx9q5rvcdghy.jpeg?q=70
"APPLE iPhone 13 Pro Max (Alpine Green, 1 TB)","₹1,79,900",4.6,https://rukminim1.flixcart.com/image/312/312/l0igvww0/mobile/2/g/r/-original-imagca5kqvhuscnv.jpeg?q=70
"APPLE iPhone 14 (Purple, 512 GB)","₹1,09,900",4.6,https://rukminim1.flixcart.com/image/312/312/xif0q/mobile/b/u/f/-original-imaghxa5hvapbfds.jpeg?q=70
"APPLE iPhone 13 Pro (Graphite, 512 GB)","₹1,49,900",4.6,https://rukminim1.flixcart.com/image/312/312/ktketu80/mobile/m/t/r/iphone-13-pro-mlvv3hn-a-apple-original-imag6vpb7zg6bnvb.jpeg?q=70
"APPLE iPhone 14 Plus (Starlight, 512 GB)","₹1,19,900",4.5,https://rukminim1.flixcart.com/image/312/312/xif0q/mobile/l/v/8/-original-imaghx9qudmydgc4.jpeg?q=70
"APPLE iPhone 14 Plus (Midnight, 512 GB)","₹1,19,900",4.5,https://rukminim1.flixcart.com/image/312/312/xif0q/mobile/a/b/0/-original-imaghx9qnhzxegu2.jpeg?q=70
"APPLE iPhone 12 Pro (Gold, 256 GB)","₹1,04,990",4.5,https://rukminim1.flixcart.com/image/312/312/kg8avm80/mobile/s/9/w/apple-iphone-12-pro-dummyapplefsn-original-imafwgbrnpyygbv9.jpeg?q=70
"APPLE iPhone 13 Pro Max (Alpine Green, 512 GB)","₹1,59,900",4.6,https://rukminim1.flixcart.com/image/312/312/l0igvww0/mobile/2/g/r/-original-imagca5kqvhuscnv.jpeg?q=70
"APPLE iPhone 13 Pro (Silver, 1 TB)","₹1,69,900",4.6,https://rukminim1.flixcart.com/image/312/312/ktketu80/mobile/a/e/g/iphone-13-pro-mlvw3hn-a-apple-original-imag6vpcvspnzyfy.jpeg?q=70
"APPLE iPhone XR (White, 64 GB)","₹39,999",4.6,https://rukminim1.flixcart.com/image/312/312/k0lbdzk0pkrrdj/mobile/4/8/c/apple-iphone-xr-mryd2hn-a-original-imafbhywqyhvww9c.jpeg?q=70
"APPLE iPhone 14 (Starlight, 512 GB)","₹1,09,900",4.6,https://rukminim1.flixcart.com/image/312/312/xif0q/mobile/m/o/b/-original-imaghx9qkugtbfrn.jpeg?q=70
"APPLE iPhone XR ((PRODUCT)RED, 64 GB)","₹39,999",4.6,https://rukminim1.flixcart.com/image/312/312/jpbic280/mobile-refurbished/c/2/q/iphone-xr-256-b-mrym2hn-a-apple-0-original-imafbhyybbhddts7.jpeg?q=70
"APPLE iPhone 13 Pro (Sierra Blue, 1 TB)","₹1,69,900",4.6,https://rukminim1.flixcart.com/image/312/312/ktketu80/mobile/e/l/i/iphone-13-pro-mlw03hn-a-apple-original-imag6vpb2kj4dcp5.jpeg?q=70
"APPLE iPhone 12 (Blue, 64 GB)","₹50,999",4.6,https://rukminim1.flixcart.com/image/312/312/kg8avm80/mobile/y/7/n/apple-iphone-12-dummyapplefsn-original-imafwg8dpyjvgg3j.jpeg?q=70
"APPLE iPhone SE (3rd Gen) (Starlight, 256 GB)","₹52,990",4.3,https://rukminim1.flixcart.com/image/312/312/l0igvww0/mobile/l/h/4/-original-imagca67uzxhrkgd.jpeg?q=70
"APPLE iPhone 12 Pro (Silver, 256 GB)","₹1,04,990",4.5,https://rukminim1.flixcart.com/image/312/312/kg8avm80/mobile/b/v/a/apple-iphone-12-pro-dummyapplefsn-original-imafwgbr45csnczy.jpeg?q=70
"APPLE iPhone 13 Pro Max (Graphite, 512 GB)","₹1,59,900",4.6,https://rukminim1.flixcart.com/image/312/312/ktketu80/mobile/3/e/o/iphone-13-pro-max-mll63hn-a-apple-original-imag6vpgwfgxdsj6.jpeg?q=70
"APPLE iPhone 12 Pro (Pacific Blue, 256 GB)","₹1,04,990",4.5,https://rukminim1.flixcart.com/image/312/312/kg8avm80/mobile/u/c/d/apple-iphone-12-pro-dummyapplefsn-original-imafwgbrzxg3nggd.jpeg?q=70
"APPLE iPhone 8 Plus (Space Grey, 64 GB)","₹49,900",4.6,https://rukminim1.flixcart.com/image/312/312/j7ksia80/mobile/t/4/f/apple-iphone-8-plus-mq8g2hn-a-original-imaexsfhxepbngdq.jpeg?q=70
"APPLE iPhone 8 (Space Grey, 256 GB)","₹77,000",4.5,https://rukminim1.flixcart.com/image/312/312/j7ksia80/mobile/z/2/s/apple-iphone-8-mq6k2hn-a-original-imaexsbztghyprcg.jpeg?q=70
"APPLE iPhone 8 Plus (Gold, 64 GB)","₹49,900",4.6,https://rukminim1.flixcart.com/image/312/312/j7ksia80/mobile/u/z/b/apple-iphone-8-plus-mq8j2hn-a-original-imaexsfmnxjcfc8t.jpeg?q=70
"APPLE iPhone 8 Plus (Silver, 64 GB)","₹49,900",4.6,https://rukminim1.flixcart.com/image/312/312/j7ksia80/mobile/x/w/z/apple-iphone-8-plus-mq8h2hn-a-original-imaexsfhxjxbupzx.jpeg?q=70
"APPLE iPhone 11 Pro Max (Gold, 64 GB)","₹99,990",4.7,https://rukminim1.flixcart.com/image/312/312/k2jbyq80pkrrdj/mobile-refurbished/e/b/u/iphone-11-pro-max-64-a-mwhg2hn-a-apple-0-original-imafkg2fg3evmhuy.jpeg?q=70
"APPLE iPhone 12 Pro (Graphite, 256 GB)","₹1,04,990",4.5,https://rukminim1.flixcart.com/image/312/312/kg8avm80/mobile/u/q/d/apple-iphone-12-pro-dummyapplefsn-original-imafwgbrbzjgug4j.jpeg?q=70
"APPLE iPhone XS (Space Grey, 512 GB)","₹1,34,900",4.7,https://rukminim1.flixcart.com/image/312/312/jm9hfgw0/mobile/y/4/u/apple-iphone-xs-mt9l2hn-a-original-imaf97f65bqbdycy.jpeg?q=70
"APPLE iPhone 13 Pro Max (Silver, 1 TB)","₹1,79,900",4.6,https://rukminim1.flixcart.com/image/312/312/ktketu80/mobile/c/g/4/iphone-13-pro-max-mlll3hn-a-apple-original-imag6vpg3r7dyvhm.jpeg?q=70
"Apple iPhone XR ((PRODUCT)RED, 64 GB) (Includes EarPods, Power Adapter)","₹39,999",4.6,https://rukminim1.flixcart.com/image/312/312/jnj7iq80/mobile/3/f/a/apple-iphone-xr-mry62hn-a-original-imafa6zkhyceh8dg.jpeg?q=70
"APPLE iPhone 13 Pro (Gold, 1 TB)","₹1,69,900",4.6,https://rukminim1.flixcart.com/image/312/312/ktketu80/mobile/z/h/v/iphone-13-pro-mlvq3hn-a-apple-original-imag6vpc6mx3zwhz.jpeg?q=70
"APPLE iPhone 13 Pro Max (Gold, 128 GB)","₹1,29,900",4.6,https://rukminim1.flixcart.com/image/312/312/ktketu80/mobile/6/v/c/iphone-13-pro-max-mllh3hn-a-apple-original-imag6vpgpycue85h.jpeg?q=70
"APPLE iPhone 12 Pro (Silver, 512 GB)","₹1,09,990",4.5,https://rukminim1.flixcart.com/image/312/312/kg8avm80/mobile/b/v/a/apple-iphone-12-pro-dummyapplefsn-original-imafwgbr45csnczy.jpeg?q=70
"APPLE iPhone 7 Plus (Black, 32 GB)","₹37,900",4.5,https://rukminim1.flixcart.com/image/312/312/k13w4280/mobile/h/q/h/apple-iphone-7-plus-mn4w2hn-a-original-imafkqfhzxgedrcu.jpeg?q=70
"APPLE iPhone 13 Mini (Midnight, 512 GB)","₹79,990",4.5,https://rukminim1.flixcart.com/image/312/312/ktketu80/mobile/r/8/l/iphone-13-mini-mlk53hn-a-apple-original-imag6vp693zncyk7.jpeg?q=70
"APPLE iPhone 14 Pro Max (Silver, 1 TB)","₹1,89,900",4.7,https://rukminim1.flixcart.com/image/312/312/xif0q/mobile/k/s/t/-original-imaghxengzjc2djt.jpeg?q=70
"APPLE iPhone 13 Pro Max (Sierra Blue, 256 GB)","₹1,39,900",4.6,https://rukminim1.flixcart.com/image/312/312/ktketu80/mobile/r/m/8/iphone-13-pro-max-mllj3hn-a-apple-original-imag6vpgphrzuffg.jpeg?q=70
"APPLE iPhone SE (Black, 256 GB)","₹42,990",4.5,https://rukminim1.flixcart.com/image/312/312/k9loccw0/mobile/p/z/q/apple-iphone-se-mxd02hn-a-original-imafrcpjyscxm8fv.jpeg?q=70
"APPLE iPhone 12 Mini (White, 256 GB)","₹54,999",4.5,https://rukminim1.flixcart.com/image/312/312/kg8avm80/mobile/d/g/b/apple-iphone-12-mini-dummyapplefsn-original-imafwgbfhx4cfzue.jpeg?q=70
"APPLE iPhone XS (Gold, 512 GB)","₹1,34,900",4.7,https://rukminim1.flixcart.com/image/312/312/jm9hfgw0/mobile/x/g/f/apple-iphone-xs-mt9k2hn-a-original-imaf97f6hqebeych.jpeg?q=70
"APPLE iPhone 6 (Gold, 32 GB)","₹30,780",4.4,https://rukminim1.flixcart.com/image/312/312/j6mhxu80/mobile/7/n/z/apple-iphone-6-mq3e2hn-a-original-imaexfzbdzgctzrv.jpeg?q=70
"APPLE iPhone 12 Pro (Gold, 128 GB)","₹99,990",4.5,https://rukminim1.flixcart.com/image/312/312/kg8avm80/mobile/s/9/w/apple-iphone-12-pro-dummyapplefsn-original-imafwgbrnpyygbv9.jpeg?q=70
"APPLE iPhone 12 Pro (Gold, 512 GB)","₹1,09,990",4.5,https://rukminim1.flixcart.com/image/312/312/kg8avm80/mobile/s/9/w/apple-iphone-12-pro-dummyapplefsn-original-imafwgbrnpyygbv9.jpeg?q=70
"APPLE iPhone 6 (Space Grey, 32 GB)","₹30,780",4.4,https://rukminim1.flixcart.com/image/312/312/j2c6du80/mobile/f/2/j/apple-iphone-6-a1586-original-imaetnf2h6gck78p.jpeg?q=70
"APPLE iPhone 13 Pro Max (Graphite, 1 TB)","₹1,79,900",4.6,https://rukminim1.flixcart.com/image/312/312/ktketu80/mobile/3/e/o/iphone-13-pro-max-mll63hn-a-apple-original-imag6vpgwfgxdsj6.jpeg?q=70
"APPLE iPhone 14 Pro (Silver, 1 TB)","₹1,79,900",4.8,https://rukminim1.flixcart.com/image/312/312/xif0q/mobile/h/r/e/-original-imaghxeeme2n7hy7.jpeg?q=70
"APPLE iPhone 13 Pro Max (Gold, 1 TB)","₹1,79,990",4.6,https://rukminim1.flixcart.com/image/312/312/ktketu80/mobile/6/v/c/iphone-13-pro-max-mllh3hn-a-apple-original-imag6vpgpycue85h.jpeg?q=70
"APPLE iPhone 8 Plus (Silver, 256 GB)","₹84,900",4.6,https://rukminim1.flixcart.com/image/312/312/j7ksia80/mobile/x/w/z/apple-iphone-8-plus-mq8h2hn-a-original-imaexsfhxjxbupzx.jpeg?q=70
"APPLE iPhone 13 Pro (Alpine Green, 1 TB)","₹1,69,900",4.6,https://rukminim1.flixcart.com/image/312/312/l0igvww0/mobile/c/j/j/-original-imagca5hhzsgpycf.jpeg?q=70
"APPLE iPhone 13 Pro (Sierra Blue, 128 GB)","₹1,19,900",4.6,https://rukminim1.flixcart.com/image/312/312/ktketu80/mobile/e/l/i/iphone-13-pro-mlw03hn-a-apple-original-imag6vpb2kj4dcp5.jpeg?q=70
"APPLE iPhone 12 Pro Max (Silver, 512 GB)","₹1,19,990",4.6,https://rukminim1.flixcart.com/image/312/312/kg8avm80/mobile/g/z/c/apple-iphone-12-pro-max-dummyapplefsn-original-imafwgcyyemh9hbg.jpeg?q=70
"APPLE iPhone 13 Pro (Gold, 256 GB)","₹1,29,900",4.6,https://rukminim1.flixcart.com/image/312/312/ktketu80/mobile/z/h/v/iphone-13-pro-mlvq3hn-a-apple-original-imag6vpc6mx3zwhz.jpeg?q=70
"APPLE iPhone 13 Pro Max (Sierra Blue, 512 GB)","₹1,59,900",4.6,https://rukminim1.flixcart.com/image/312/312/ktketu80/mobile/r/m/8/iphone-13-pro-max-mllj3hn-a-apple-original-imag6vpgphrzuffg.jpeg?q=70
"APPLE iPhone 8 Plus (Space Grey, 256 GB)","₹84,900",4.6,https://rukminim1.flixcart.com/image/312/312/j7ksia80/mobile/t/4/f/apple-iphone-8-plus-mq8g2hn-a-original-imaexsfhxepbngdq.jpeg?q=70
"APPLE iPhone 8 (Silver, 64 GB)","₹39,900",4.5,https://rukminim1.flixcart.com/image/312/312/j7ksia80/mobile/m/y/d/apple-iphone-8-mq6l2hn-a-original-imaexsbz8fggz59j.jpeg?q=70
"APPLE iPhone 11 Pro Max (Midnight Green, 64 GB)","₹99,990",4.7,https://rukminim1.flixcart.com/image/312/312/k2jbyq80pkrrdj/mobile-refurbished/z/a/f/iphone-11-pro-max-256-u-mwhm2hn-a-apple-0-original-imafkg2ftc5cze5n.jpeg?q=70
"APPLE iPhone 8 (Gold, 64 GB)","₹39,900",4.5,https://rukminim1.flixcart.com/image/312/312/j7ksia80/mobile/2/r/q/apple-iphone-8-mq6m2hn-a-original-imaexsbzyvydzgzw.jpeg?q=70
"APPLE iPhone 8 (Silver, 256 GB)","₹77,000",4.5,https://rukminim1.flixcart.com/image/312/312/j7ksia80/mobile/m/y/d/apple-iphone-8-mq6l2hn-a-original-imaexsbz8fggz59j.jpeg?q=70
"APPLE iPhone 6 (Space Grey, 16 GB)","₹52,000",4.4,https://rukminim1.flixcart.com/image/312/312/mobile/f/2/j/apple-iphone-6-original-imaeymdqs5gm5xkz.jpeg?q=70
"APPLE iPhone XS Max (Space Grey, 256 GB)","₹1,24,900",4.6,https://rukminim1.flixcart.com/image/312/312/jm9hfgw0/mobile/f/t/a/apple-iphone-xs-max-mt532hn-a-original-imaf97f6y3spd7yz.jpeg?q=70
"APPLE iPhone 6s Plus (Rose Gold, 32 GB)","₹34,900",4.4,https://rukminim1.flixcart.com/image/312/312/j7qi9ow0/mobile/m/p/f/apple-iphone-6s-plus-mn2y2hn-a-original-imaexvxumpk95wdy.jpeg?q=70
"APPLE iPhone 8 (Gold, 256 GB)","₹77,000",4.5,https://rukminim1.flixcart.com/image/312/312/j7ksia80/mobile/2/r/q/apple-iphone-8-mq6m2hn-a-original-imaexsbzyvydzgzw.jpeg?q=70
"APPLE iPhone XS Max (Gold, 256 GB)","₹1,24,900",4.6,https://rukminim1.flixcart.com/image/312/312/jm9hfgw0/mobile/e/8/s/apple-iphone-xs-max-mt522hn-a-original-imaf97f6hmng8ufu.jpeg?q=70
"APPLE iPhone XR (White, 128 GB)","₹44,999",4.6,https://rukminim1.flixcart.com/image/312/312/k0lbdzk0pkrrdj/mobile/4/8/c/apple-iphone-xr-mryd2hn-a-original-imafbhywqyhvww9c.jpeg?q=70
"APPLE iPhone 6s (Rose Gold, 32 GB)","₹29,900",4.5,https://rukminim1.flixcart.com/image/312/312/j7qi9ow0/mobile/g/m/8/apple-iphone-6s-mn122hn-a-original-imaexwzqve7rd7cg.jpeg?q=70
"APPLE iPhone 13 Pro Max (Gold, 512 GB)","₹1,59,900",4.6,https://rukminim1.flixcart.com/image/312/312/ktketu80/mobile/6/v/c/iphone-13-pro-max-mllh3hn-a-apple-original-imag6vpgpycue85h.jpeg?q=70
"APPLE iPhone 6s (Gold, 32 GB)","₹29,900",4.5,https://rukminim1.flixcart.com/image/312/312/j7qi9ow0/mobile/y/x/g/apple-iphone-6s-mn112hn-a-original-imaexw6szu6xhzgr.jpeg?q=70
"APPLE iPhone 13 Pro (Silver, 512 GB)","₹1,49,900",4.6,https://rukminim1.flixcart.com/image/312/312/ktketu80/mobile/a/e/g/iphone-13-pro-mlvw3hn-a-apple-original-imag6vpcvspnzyfy.jpeg?q=70
"APPLE iPhone 6s (Silver, 32 GB)","₹29,900",4.5,https://rukminim1.flixcart.com/image/312/312/j7qi9ow0/mobile/h/f/t/apple-iphone-6s-mn0x2hn-a-original-imaexw7fpbbfwwtw.jpeg?q=70
"APPLE iPhone 12 Pro Max (Gold, 256 GB)","₹1,14,990",4.6,https://rukminim1.flixcart.com/image/312/312/kg8avm80/mobile/g/n/w/apple-iphone-12-pro-max-dummyapplefsn-original-imafwgcyauknkgwh.jpeg?q=70
"APPLE iPhone 13 Pro (Graphite, 1 TB)","₹1,69,900",4.6,https://rukminim1.flixcart.com/image/312/312/ktketu80/mobile/m/t/r/iphone-13-pro-mlvv3hn-a-apple-original-imag6vpb7zg6bnvb.jpeg?q=70
"APPLE iPhone 11 Pro (Midnight Green, 512 GB)","₹1,21,990",4.6,https://rukminim1.flixcart.com/image/312/312/k2jbyq80pkrrdj/mobile-refurbished/z/a/f/iphone-11-pro-max-256-u-mwhm2hn-a-apple-0-original-imafkg2ftc5cze5n.jpeg?q=70
"APPLE iPhone 7 (Gold, 32 GB)","₹24,999",4.5,https://rukminim1.flixcart.com/image/312/312/k12go7k0/mobile/e/q/m/apple-iphone-7-mn942hn-a-original-imafkqe8mqaafe4g.jpeg?q=70
"APPLE iPhone 14 Pro (Space Black, 256 GB)","₹1,39,900",4.8,https://rukminim1.flixcart.com/image/312/312/xif0q/mobile/y/l/p/-original-imaghxemc3wtcuhb.jpeg?q=70
"APPLE iPhone 12 Mini (Green, 64 GB)","₹39,999",4.5,https://rukminim1.flixcart.com/image/312/312/kg8avm80/mobile/h/v/w/apple-iphone-12-mini-dummyapplefsn-original-imafwgb2zkjcwpre.jpeg?q=70
"APPLE iPhone 14 Pro (Gold, 512 GB)","₹1,59,900",4.8,https://rukminim1.flixcart.com/image/312/312/xif0q/mobile/i/h/c/-original-imaghxemmqyahnuj.jpeg?q=70
"APPLE iPhone 14 Pro (Deep Purple, 128 GB)","₹1,29,900",4.8,https://rukminim1.flixcart.com/image/312/312/xif0q/mobile/l/8/r/-original-imaghxemnnnkd8bg.jpeg?q=70
"APPLE iPhone 14 Pro (Space Black, 128 GB)","₹1,29,900",4.8,https://rukminim1.flixcart.com/image/312/312/xif0q/mobile/y/l/p/-original-imaghxemc3wtcuhb.jpeg?q=70
"APPLE iPhone 14 Pro (Gold, 256 GB)","₹1,39,900",4.8,https://rukminim1.flixcart.com/image/312/312/xif0q/mobile/i/h/c/-original-imaghxemmqyahnuj.jpeg?q=70
"APPLE iPhone 12 Mini (Purple, 64 GB)","₹39,999",4.5,https://rukminim1.flixcart.com/image/312/312/ko0d6kw0/mobile/d/h/5/iphone-12-mini-mjqh3hn-a-apple-original-imag2k2xuuyfyusd.jpeg?q=70
"APPLE iPhone 14 Pro Max (Space Black, 128 GB)","₹1,39,900",4.7,https://rukminim1.flixcart.com/image/312/312/xif0q/mobile/9/f/p/-original-imaghxenhnpyhn5u.jpeg?q=70
"APPLE iPhone 14 Pro Max (Silver, 512 GB)","₹1,69,900",4.7,https://rukminim1.flixcart.com/image/312/312/xif0q/mobile/k/s/t/-original-imaghxengzjc2djt.jpeg?q=70
"APPLE iPhone 7 (Black, 32 GB)","₹24,999",4.5,https://rukminim1.flixcart.com/image/312/312/k12go7k0/mobile/7/e/e/apple-iphone-7-mn8x2hn-a-original-imafkqcqhzxuvcpd.jpeg?q=70
"APPLE iPhone 14 Pro Max (Space Black, 512 GB)","₹1,69,900",4.7,https://rukminim1.flixcart.com/image/312/312/xif0q/mobile/9/f/p/-original-imaghxenhnpyhn5u.jpeg?q=70
"APPLE iPhone 12 Mini (Purple, 128 GB)","₹44,999",4.5,https://rukminim1.flixcart.com/image/312/312/ko0d6kw0/mobile/d/h/5/iphone-12-mini-mjqh3hn-a-apple-original-imag2k2xuuyfyusd.jpeg?q=70
"APPLE iPhone SE (White, 64 GB)","₹28,990",4.5,https://rukminim1.flixcart.com/image/312/312/k9loccw0/mobile/6/b/z/apple-iphone-se-mxd12hn-a-original-imafrcqf9nze6evk.jpeg?q=70
"APPLE iPhone 14 Pro (Gold, 1 TB)","₹1,79,900",4.8,https://rukminim1.flixcart.com/image/312/312/xif0q/mobile/i/h/c/-original-imaghxemmqyahnuj.jpeg?q=70
"APPLE iPhone 14 Pro Max (Deep Purple, 128 GB)","₹1,39,900",4.7,https://rukminim1.flixcart.com/image/312/312/xif0q/mobile/6/x/j/-original-imaghxejqvpwfqh2.jpeg?q=70
"APPLE iPhone 14 Pro Max (Silver, 128 GB)","₹1,39,900",4.7,https://rukminim1.flixcart.com/image/312/312/xif0q/mobile/k/s/t/-original-imaghxengzjc2djt.jpeg?q=70
"APPLE iPhone SE (Red, 64 GB)","₹28,990",4.5,https://rukminim1.flixcart.com/image/312/312/k9loccw0/mobile/6/8/g/apple-iphone-se-mxvv2hn-a-original-imafrcqmfh4zznmq.jpeg?q=70
"APPLE iPhone 14 Pro Max (Deep Purple, 256 GB)","₹1,49,900",4.7,https://rukminim1.flixcart.com/image/312/312/xif0q/mobile/6/x/j/-original-imaghxejqvpwfqh2.jpeg?q=70
"APPLE iPhone 14 Pro (Silver, 128 GB)","₹1,29,900",4.8,https://rukminim1.flixcart.com/image/312/312/xif0q/mobile/h/r/e/-original-imaghxeeme2n7hy7.jpeg?q=70
"APPLE iPhone SE (3rd Gen) (Starlight, 128 GB)","₹52,990",4.3,https://rukminim1.flixcart.com/image/312/312/l0igvww0/mobile/l/h/4/-original-imagca67uzxhrkgd.jpeg?q=70
"APPLE iPhone 14 Pro Max (Space Black, 256 GB)","₹1,49,900",4.7,https://rukminim1.flixcart.com/image/312/312/xif0q/mobile/9/f/p/-original-imaghxenhnpyhn5u.jpeg?q=70
"APPLE iPhone SE (White, 128 GB)","₹34,990",4.5,https://rukminim1.flixcart.com/image/312/312/k9loccw0/mobile/6/b/z/apple-iphone-se-mxd12hn-a-original-imafrcqf9nze6evk.jpeg?q=70
"APPLE iPhone SE (3rd Gen) (Product (Red), 64 GB)","₹47,990",4.3,https://rukminim1.flixcart.com/image/312/312/l0igvww0/mobile/9/6/t/-original-imagca67gxuvkmrj.jpeg?q=70
"APPLE iPhone 14 Pro Max (Deep Purple, 512 GB)","₹1,69,900",4.7,https://rukminim1.flixcart.com/image/312/312/xif0q/mobile/6/x/j/-original-imaghxejqvpwfqh2.jpeg?q=70
"APPLE iPhone SE (3rd Gen) (Midnight, 128 GB)","₹52,990",4.3,https://rukminim1.flixcart.com/image/312/312/l0igvww0/mobile/9/y/q/-original-imagca67yxswgwqq.jpeg?q=70
"APPLE iPhone 13 Pro (Silver, 128 GB)","₹1,19,900",4.6,https://rukminim1.flixcart.com/image/312/312/ktketu80/mobile/a/e/g/iphone-13-pro-mlvw3hn-a-apple-original-imag6vpcvspnzyfy.jpeg?q=70
"APPLE iPhone 14 Pro Max (Silver, 256 GB)","₹1,49,900",4.7,https://rukminim1.flixcart.com/image/312/312/xif0q/mobile/k/s/t/-original-imaghxengzjc2djt.jpeg?q=70
"APPLE iPhone 14 Pro (Gold, 128 GB)","₹1,29,900",4.8,https://rukminim1.flixcart.com/image/312/312/xif0q/mobile/i/h/c/-original-imaghxemmqyahnuj.jpeg?q=70
"APPLE iPhone 13 Mini (Midnight, 128 GB)","₹54,990",4.5,https://rukminim1.flixcart.com/image/312/312/ktketu80/mobile/r/8/l/iphone-13-mini-mlk53hn-a-apple-original-imag6vp693zncyk7.jpeg?q=70
"APPLE iPhone 13 Pro Max (Graphite, 256 GB)","₹1,39,900",4.6,https://rukminim1.flixcart.com/image/312/312/ktketu80/mobile/3/e/o/iphone-13-pro-max-mll63hn-a-apple-original-imag6vpgwfgxdsj6.jpeg?q=70
"APPLE iPhone 14 Pro (Deep Purple, 256 GB)","₹1,39,900",4.8,https://rukminim1.flixcart.com/image/312/312/xif0q/mobile/l/8/r/-original-imaghxemnnnkd8bg.jpeg?q=70
"APPLE iPhone SE (3rd Gen) (Midnight, 64 GB)","₹47,990",4.3,https://rukminim1.flixcart.com/image/312/312/l0igvww0/mobile/9/y/q/-original-imagca67yxswgwqq.jpeg?q=70
"APPLE iPhone 14 Pro Max (Gold, 128 GB)","₹1,39,900",4.7,https://rukminim1.flixcart.com/image/312/312/xif0q/mobile/k/u/6/-original-imaghxen343tbjgj.jpeg?q=70
"APPLE iPhone 13 Mini (Pink, 256 GB)","₹68,990",4.5,https://rukminim1.flixcart.com/image/312/312/ktketu80/mobile/u/p/8/iphone-13-mini-mlk23hn-a-apple-original-imag6vp6btm5zacs.jpeg?q=70
"APPLE iPhone 14 Pro (Space Black, 1 TB)","₹1,79,900",4.8,https://rukminim1.flixcart.com/image/312/312/xif0q/mobile/y/l/p/-original-imaghxemc3wtcuhb.jpeg?q=70
"APPLE iPhone 6s (Space Grey, 32 GB)","₹29,900",4.5,https://rukminim1.flixcart.com/image/312/312/j7qi9ow0/mobile/6/t/q/apple-iphone-6s-mn0w2hn-a-original-imaexw6smfzjgqsz.jpeg?q=70
"APPLE iPhone XR ((PRODUCT)RED, 128 GB)","₹44,999",4.6,https://rukminim1.flixcart.com/image/312/312/jpbic280/mobile-refurbished/c/2/q/iphone-xr-256-b-mrym2hn-a-apple-0-original-imafbhyybbhddts7.jpeg?q=70
"APPLE iPhone 14 Pro (Silver, 256 GB)","₹1,39,900",4.8,https://rukminim1.flixcart.com/image/312/312/xif0q/mobile/h/r/e/-original-imaghxeeme2n7hy7.jpeg?q=70
"APPLE iPhone 14 Pro Max (Gold, 256 GB)","₹1,49,900",4.7,https://rukminim1.flixcart.com/image/312/312/xif0q/mobile/k/u/6/-original-imaghxen343tbjgj.jpeg?q=70
"APPLE iPhone 13 Mini (Blue, 128 GB)","₹54,990",4.5,https://rukminim1.flixcart.com/image/312/312/ktketu80/mobile/a/i/l/iphone-13-mini-mlk93hn-a-apple-original-imag6vp6x67yypzk.jpeg?q=70
"APPLE iPhone SE (Red, 128 GB)","₹34,990",4.5,https://rukminim1.flixcart.com/image/312/312/k9loccw0/mobile/6/8/g/apple-iphone-se-mxvv2hn-a-original-imafrcqmfh4zznmq.jpeg?q=70
"Apple iPhone XR (Blue, 64 GB) (Includes EarPods, Power Adapter)","₹39,999",4.6,https://rukminim1.flixcart.com/image/312/312/jnj7iq80/mobile/r/k/h/apple-iphone-xr-mrya2hn-a-original-imafa6zkgrdrpuby.jpeg?q=70
"APPLE iPhone 13 Mini (Midnight, 256 GB)","₹68,990",4.5,https://rukminim1.flixcart.com/image/312/312/ktketu80/mobile/r/8/l/iphone-13-mini-mlk53hn-a-apple-original-imag6vp693zncyk7.jpeg?q=70
"APPLE iPhone 13 Mini (Starlight, 128 GB)","₹54,990",4.5,https://rukminim1.flixcart.com/image/312/312/ktketu80/mobile/a/j/u/iphone-13-mini-mlkc3hn-a-apple-original-imag6vp6swvmsbnn.jpeg?q=70
"APPLE iPhone 14 Pro (Deep Purple, 512 GB)","₹1,59,900",4.8,https://rukminim1.flixcart.com/image/312/312/xif0q/mobile/l/8/r/-original-imaghxemnnnkd8bg.jpeg?q=70
"APPLE iPhone 11 Pro Max (Midnight Green, 256 GB)","₹1,31,900",4.7,https://rukminim1.flixcart.com/image/312/312/k2jbyq80pkrrdj/mobile-refurbished/z/a/f/iphone-11-pro-max-256-u-mwhm2hn-a-apple-0-original-imafkg2ftc5cze5n.jpeg?q=70
"APPLE iPhone 12 Pro (Pacific Blue, 128 GB)","₹99,990",4.5,https://rukminim1.flixcart.com/image/312/312/kg8avm80/mobile/u/c/d/apple-iphone-12-pro-dummyapplefsn-original-imafwgbrzxg3nggd.jpeg?q=70
"APPLE iPhone SE (3rd Gen) (Midnight, 256 GB)","₹52,990",4.3,https://rukminim1.flixcart.com/image/312/312/l0igvww0/mobile/9/y/q/-original-imagca67yxswgwqq.jpeg?q=70
"APPLE iPhone SE (Black, 64 GB)","₹28,990",4.5,https://rukminim1.flixcart.com/image/312/312/k9loccw0/mobile/p/z/q/apple-iphone-se-mxd02hn-a-original-imafrcpjyscxm8fv.jpeg?q=70
"APPLE iPhone SE (3rd Gen) (Starlight, 64 GB)","₹47,990",4.3,https://rukminim1.flixcart.com/image/312/312/l0igvww0/mobile/l/h/4/-original-imagca67uzxhrkgd.jpeg?q=70
"APPLE iPhone 13 Mini (Starlight, 256 GB)","₹68,990",4.5,https://rukminim1.flixcart.com/image/312/312/ktketu80/mobile/a/j/u/iphone-13-mini-mlkc3hn-a-apple-original-imag6vp6swvmsbnn.jpeg?q=70
"APPLE iPhone 13 Pro Max (Alpine Green, 128 GB)","₹1,29,900",4.6,https://rukminim1.flixcart.com/image/312/312/l0igvww0/mobile/2/g/r/-original-imagca5kqvhuscnv.jpeg?q=70
"APPLE iPhone 13 Pro Max (Sierra Blue, 128 GB)","₹1,29,900",4.6,https://rukminim1.flixcart.com/image/312/312/ktketu80/mobile/r/m/8/iphone-13-pro-max-mllj3hn-a-apple-original-imag6vpgphrzuffg.jpeg?q=70
"APPLE iPhone 14 Pro Max (Space Black, 1 TB)","₹1,89,900",4.7,https://rukminim1.flixcart.com/image/312/312/xif0q/mobile/9/f/p/-original-imaghxenhnpyhn5u.jpeg?q=70
"APPLE iPhone 12 Pro (Pacific Blue, 128 GB)","₹99,990",,https://rukminim1.flixcart.com/image/312/312/kg8avm80/mobile/u/c/d/apple-iphone-12-pro-dummyapplefsn-original-imafwgbrzxg3nggd.jpeg?q=70
"APPLE iPhone 14 Pro Max (Gold, 512 GB)","₹1,69,900",,https://rukminim1.flixcart.com/image/312/312/xif0q/mobile/k/u/6/-original-imaghxen343tbjgj.jpeg?q=70
"APPLE iPhone 6s Plus (Space Grey, 32 GB)","₹34,900",,https://rukminim1.flixcart.com/image/312/312/j7qi9ow0/mobile/y/h/t/apple-iphone-6s-plus-mn2v2hn-a-original-imaexw6yzq92gwsu.jpeg?q=70
"Apple iPhone XR (Yellow, 256 GB) (Includes EarPods, Power Adapter)","₹91,900",,https://rukminim1.flixcart.com/image/312/312/jnj7iq80/mobile/u/x/j/apple-iphone-xr-mryf2hn-a-original-imafa6zkjfkwymuz.jpeg?q=70
"Apple iPhone SE (White, 64 GB) (Includes EarPods, Power Adapter)","₹29,990",,https://rukminim1.flixcart.com/image/312/312/k9loccw0/mobile/6/b/z/apple-iphone-se-mxd12hn-a-original-imafrcqf9nze6evk.jpeg?q=70
"APPLE iPhone XR (Black, 128 GB)","₹44,999",,https://rukminim1.flixcart.com/image/312/312/k0lbdzk0pkrrdj/mobile/s/p/d/apple-iphone-xr-mry42hn-a-original-imafbhyxurw8y7zg.jpeg?q=70
"APPLE iPhone 13 Pro (Silver, 256 GB)","₹1,29,900",,https://rukminim1.flixcart.com/image/312/312/ktketu80/mobile/a/e/g/iphone-13-pro-mlvw3hn-a-apple-original-imag6vpcvspnzyfy.jpeg?q=70
"Apple iPhone SE (White, 256 GB) (Includes EarPods, Power Adapter)","₹43,990",,https://rukminim1.flixcart.com/image/312/312/k9loccw0/mobile/6/b/z/apple-iphone-se-mxd12hn-a-original-imafrcqf9nze6evk.jpeg?q=70
"APPLE iPhone 11 Pro Max (Silver, 64 GB)","₹99,990",,https://rukminim1.flixcart.com/image/312/312/k2jbyq80pkrrdj/mobile-refurbished/k/6/h/iphone-11-pro-max-64-b-mwhf2hn-a-apple-0-original-imafkg2ftqfvr9sf.jpeg?q=70
"Apple iPhone XR (Black, 128 GB) (Includes EarPods, Power Adapter)","₹44,999",,https://rukminim1.flixcart.com/image/312/312/jnj7iq80/mobile/u/b/g/apple-iphone-xr-mryj2hn-a-original-imafa6zkm7qhv2zd.jpeg?q=70
"APPLE iPhone 13 mini (Green, 256 GB)","₹68,990",,https://rukminim1.flixcart.com/image/312/312/l0igvww0/mobile/y/j/1/-original-imagca5ge9yrbrzq.jpeg?q=70
"APPLE iPhone 12 (Green, 256 GB)","₹65,999",,https://rukminim1.flixcart.com/image/312/312/kg8avm80/mobile/p/f/w/apple-iphone-12-dummyapplefsn-original-imafwg8dubf3nytw.jpeg?q=70
"APPLE iPhone XS (Space Grey, 256 GB)","₹1,03,900",,https://rukminim1.flixcart.com/image/312/312/jm9hfgw0/mobile/y/4/u/apple-iphone-xs-mt9l2hn-a-original-imaf97f65bqbdycy.jpeg?q=70
"APPLE iPhone XR (Black, 64 GB)","₹39,999",,https://rukminim1.flixcart.com/image/312/312/k0lbdzk0pkrrdj/mobile/s/p/d/apple-iphone-xr-mry42hn-a-original-imafbhyxurw8y7zg.jpeg?q=70
"Apple iPhone XR (Coral, 64 GB) (Includes EarPods, Power Adapter)","₹39,999",,https://rukminim1.flixcart.com/image/312/312/jnj7iq80/mobile/u/a/p/apple-iphone-xr-mryg2hn-a-original-imafa6zkzyntrt3t.jpeg?q=70
"APPLE iPhone 14 Pro Max (Gold, 1 TB)","₹1,89,900",,https://rukminim1.flixcart.com/image/312/312/xif0q/mobile/k/u/6/-original-imaghxen343tbjgj.jpeg?q=70
"APPLE iPhone SE (3rd Gen) (Product (Red), 128 GB)","₹52,990",,https://rukminim1.flixcart.com/image/312/312/l0igvww0/mobile/9/6/t/-original-imagca67gxuvkmrj.jpeg?q=70
"Apple iPhone SE (Red, 256 GB) (Includes EarPods, Power Adapter)","₹43,990",,https://rukminim1.flixcart.com/image/312/312/k9loccw0/mobile/6/8/g/apple-iphone-se-mxvv2hn-a-original-imafrcqmfh4zznmq.jpeg?q=70
"APPLE iPhone 12 Pro Max (Pacific Blue, 128 GB)","₹1,09,990",,https://rukminim1.flixcart.com/image/312/312/kg8avm80/mobile/c/v/t/apple-iphone-12-pro-max-dummyapplefsn-original-imafwgcyhmzhaapd.jpeg?q=70
"APPLE iPhone 12 Pro Max (Gold, 512 GB)","₹1,19,990",,https://rukminim1.flixcart.com/image/312/312/kg8avm80/mobile/g/n/w/apple-iphone-12-pro-max-dummyapplefsn-original-imafwgcyauknkgwh.jpeg?q=70
"APPLE iPhone 13 Mini ((PRODUCT)RED, 128 GB)","₹54,990",,https://rukminim1.flixcart.com/image/312/312/ktketu80/mobile/i/q/p/iphone-13-mini-mlke3hn-a-apple-original-imag6vp6abdxzuh8.jpeg?q=70
"APPLE iPhone 7 (Silver, 32 GB)","₹24,999",,https://rukminim1.flixcart.com/image/312/312/k12go7k0/mobile/b/h/n/apple-iphone-7-mn932hn-a-original-imafkqe89uazqfa3.jpeg?q=70
"APPLE iPhone 6 Plus (Space Grey, 16 GB)","₹39,999",,https://rukminim1.flixcart.com/image/312/312/mobile/h/z/d/apple-iphone-6-plus-original-imaeymdqfzw2zzhw.jpeg?q=70
"APPLE iPhone 13 Pro (Alpine Green, 256 GB)","₹1,29,900",,https://rukminim1.flixcart.com/image/312/312/l0igvww0/mobile/c/j/j/-original-imagca5hhzsgpycf.jpeg?q=70
"APPLE iPhone 11 Pro Max (Silver, 256 GB)","₹1,31,900",4.7,https://rukminim1.flixcart.com/image/312/312/k2jbyq80pkrrdj/mobile-refurbished/k/6/h/iphone-11-pro-max-64-b-mwhf2hn-a-apple-0-original-imafkg2ftqfvr9sf.jpeg?q=70
"APPLE iPhone 11 Pro (Midnight Green, 64 GB)","₹98,990",4.6,https://rukminim1.flixcart.com/image/312/312/k2jbyq80pkrrdj/mobile-refurbished/z/a/f/iphone-11-pro-max-256-u-mwhm2hn-a-apple-0-original-imafkg2ftc5cze5n.jpeg?q=70
"Apple iPhone SE (Black, 64 GB) (Includes EarPods, Power Adapter)","₹29,990",4.5,https://rukminim1.flixcart.com/image/312/312/k9loccw0/mobile/p/z/q/apple-iphone-se-mxd02hn-a-original-imafrcpjyscxm8fv.jpeg?q=70
"APPLE iPhone 13 mini (Green, 128 GB)","₹54,990",4.5,https://rukminim1.flixcart.com/image/312/312/l0igvww0/mobile/y/j/1/-original-imagca5ge9yrbrzq.jpeg?q=70
"APPLE iPhone 12 (Red, 256 GB)","₹65,999",4.6,https://rukminim1.flixcart.com/image/312/312/kg8avm80/mobile/q/8/f/apple-iphone-12-dummyapplefsn-original-imafwg8dbzv8vh7t.jpeg?q=70
"APPLE iPhone 11 Pro Max (Space Grey, 512 GB)","₹1,50,800",4.7,https://rukminim1.flixcart.com/image/312/312/k2jbyq80pkrrdj/mobile-refurbished/c/u/e/iphone-11-pro-512-u-mwcd2hn-a-apple-0-original-imafkg2fhzhzzh5s.jpeg?q=70
"APPLE iPhone 6 Plus (Silver, 128 GB)","₹48,999",4.5,https://rukminim1.flixcart.com/image/312/312/mobile/m/q/k/apple-iphone-6-plus-original-imaeymdqartzwz76.jpeg?q=70
"APPLE iPhone 11 Pro (Space Grey, 256 GB)","₹1,12,990",4.6,https://rukminim1.flixcart.com/image/312/312/k2jbyq80pkrrdj/mobile-refurbished/c/u/e/iphone-11-pro-512-u-mwcd2hn-a-apple-0-original-imafkg2fhzhzzh5s.jpeg?q=70
"APPLE iPhone 14 Pro Max (Deep Purple, 1 TB)","₹1,89,900",4.7,https://rukminim1.flixcart.com/image/312/312/xif0q/mobile/6/x/j/-original-imaghxejqvpwfqh2.jpeg?q=70
"APPLE iPhone 7 (Red, 128 GB)","₹34,900",4.5,https://rukminim1.flixcart.com/image/312/312/j1b0xow0/mobile/y/g/9/apple-iphone-7-mn4v2hn-a-original-imaeswuk7mw2zycy.jpeg?q=70
"Apple iPhone SE (Red, 64 GB) (Includes EarPods, Power Adapter)","₹29,990",4.5,https://rukminim1.flixcart.com/image/312/312/k9loccw0/mobile/6/8/g/apple-iphone-se-mxvv2hn-a-original-imafrcqmfh4zznmq.jpeg?q=70
"APPLE iPhone 7 Plus (Gold, 32 GB)","₹37,900",4.5,https://rukminim1.flixcart.com/image/312/312/k13w4280/mobile/p/p/4/apple-iphone-7-plus-mn4q2hn-a-original-imafkqfhjzsvghb8.jpeg?q=70
"APPLE iPhone 11 Pro Max (Midnight Green, 512 GB)","₹1,50,800",4.7,https://rukminim1.flixcart.com/image/312/312/k2jbyq80pkrrdj/mobile-refurbished/z/a/f/iphone-11-pro-max-256-u-mwhm2hn-a-apple-0-original-imafkg2ftc5cze5n.jpeg?q=70
"Apple iPhone XR (Coral, 128 GB) (Includes EarPods, Power Adapter)","₹44,999",4.6,https://rukminim1.flixcart.com/image/312/312/jnj7iq80/mobile/u/a/p/apple-iphone-xr-mryg2hn-a-original-imafa6zkzyntrt3t.jpeg?q=70
"Apple iPhone XR (Coral, 256 GB) (Includes EarPods, Power Adapter)","₹91,900",4.6,https://rukminim1.flixcart.com/image/312/312/jnj7iq80/mobile/u/a/p/apple-iphone-xr-mryg2hn-a-original-imafa6zkzyntrt3t.jpeg?q=70
"APPLE iPhone 12 Pro Max (Pacific Blue, 256 GB)","₹1,14,990",4.6,https://rukminim1.flixcart.com/image/312/312/kg8avm80/mobile/c/v/t/apple-iphone-12-pro-max-dummyapplefsn-original-imafwgcyhmzhaapd.jpeg?q=70
"APPLE iPhone 6 (Silver, 64 GB)","₹62,000",4.4,https://rukminim1.flixcart.com/image/312/312/mobile/2/j/5/apple-iphone-6-original-imaeyny5fy253xy4.jpeg?q=70
"Apple iPhone XR (White, 256 GB) (Includes EarPods, Power Adapter)","₹91,900",4.6,https://rukminim1.flixcart.com/image/312/312/jnj7iq80/mobile/y/q/d/apple-iphone-xr-mry52hn-a-original-imafa6zkfgwpnsgz.jpeg?q=70
"Apple iPhone XR ((PRODUCT)RED, 256 GB) (Includes EarPods, Power Adapter)","₹91,900",4.6,https://rukminim1.flixcart.com/image/312/312/jnj7iq80/mobile/3/f/a/apple-iphone-xr-mry62hn-a-original-imafa6zkhyceh8dg.jpeg?q=70
"Apple iPhone XR (Black, 256 GB) (Includes EarPods, Power Adapter)","₹91,900",4.6,https://rukminim1.flixcart.com/image/312/312/jnj7iq80/mobile/u/b/g/apple-iphone-xr-mryj2hn-a-original-imafa6zkm7qhv2zd.jpeg?q=70
"APPLE iPhone 11 Pro (Gold, 64 GB)","₹79,990",4.6,https://rukminim1.flixcart.com/image/312/312/k2jbyq80pkrrdj/mobile-refurbished/e/b/u/iphone-11-pro-max-64-a-mwhg2hn-a-apple-0-original-imafkg2fg3evmhuy.jpeg?q=70
"APPLE iPhone 6s Plus (Space Grey, 64 GB)","₹59,999",4.4,https://rukminim1.flixcart.com/image/312/312/mobile/b/u/e/apple-iphone-6s-plus-na-original-imaebynjg6gdh2zs.jpeg?q=70
"Apple iPhone XR (Blue, 256 GB) (Includes EarPods, Power Adapter)","₹91,900",4.6,https://rukminim1.flixcart.com/image/312/312/jnj7iq80/mobile/r/k/h/apple-iphone-xr-mrya2hn-a-original-imafa6zkgrdrpuby.jpeg?q=70
"APPLE iPhone XR (Coral, 128 GB)","₹44,999",4.6,https://rukminim1.flixcart.com/image/312/312/k0lbdzk0pkrrdj/mobile/j/p/b/apple-iphone-xr-mryg2hn-a-original-imafbhyw3budgyh8.jpeg?q=70
"APPLE iPhone 8 (PRODUCT)RED (Red, 256 GB)","₹81,500",4.7,https://rukminim1.flixcart.com/image/312/312/jgffp8w0/mobile/g/g/c/apple-iphone-8-product-red-special-edition-mrrk2hn-a-original-imaf4gudf5bzzxht.jpeg?q=70
"APPLE iPhone 5s (Gold, 16 GB)","₹14,999",4.4,https://rukminim1.flixcart.com/image/312/312/j1dvte80/mobile/p/a/t/apple-iphone-5s-a1530-original-imae2fhpc35bftft.jpeg?q=70
"APPLE iPhone 11 Pro Max (Silver, 512 GB)","₹1,50,800",4.7,https://rukminim1.flixcart.com/image/312/312/k2jbyq80pkrrdj/mobile-refurbished/k/6/h/iphone-11-pro-max-64-b-mwhf2hn-a-apple-0-original-imafkg2ftqfvr9sf.jpeg?q=70
"APPLE iPhone 6s (Rose Gold, 16 GB)","₹31,999",4.5,https://rukminim1.flixcart.com/image/312/312/mobile/f/c/g/apple-iphone-6s-na-original-imaeby6rmzxdpvbj.jpeg?q=70
"APPLE iPhone 6s (Space Grey, 64 GB)","₹49,999",4.5,https://rukminim1.flixcart.com/image/312/312/mobile/t/e/7/apple-iphone-6s-na-original-imaebymatbv4unha.jpeg?q=70
"APPLE iPhone 5C (White, 32 GB)","₹53,500",3.9,https://rukminim1.flixcart.com/image/312/312/mobile/e/s/z/apple-iphone-5c-original-imadpnhysry8ecaj.jpeg?q=70
"APPLE iPhone 5C (Blue, 8 GB)","₹14,999",3.9,https://rukminim1.flixcart.com/image/312/312/kmjhw280pkrrdj/mobile-refurbished/h/6/q/iphone-5c-32-a-na-apple-original-imadwyy4bg2n9ewn.jpeg?q=70
"APPLE iPhone 7 (PRODUCT) (Red, 256 GB)","₹74,400",4.7,https://rukminim1.flixcart.com/image/312/312/j1b0xow0/mobile/m/w/m/apple-iphone-7-mn4v2hn-a-original-imaeswujyv7sjnfp.jpeg?q=70
"Apple iPhone XR (Blue, 128 GB) (Includes EarPods, Power Adapter)","₹44,999",4.6,https://rukminim1.flixcart.com/image/312/312/k0lbdzk0pkrrdj/mobile/f/z/3/apple-iphone-xr-mrya2hn-a-original-imafbhyvbz2hmaxd.jpeg?q=70
"APPLE iPhone XR (Coral, 64 GB)","₹39,999",4.6,https://rukminim1.flixcart.com/image/312/312/k0lbdzk0pkrrdj/mobile/j/p/b/apple-iphone-xr-mryg2hn-a-original-imafbhyw3budgyh8.jpeg?q=70
"APPLE iPhone 11 Pro (Space Grey, 512 GB)","₹1,40,300",4.6,https://rukminim1.flixcart.com/image/312/312/k2jbyq80pkrrdj/mobile-refurbished/c/u/e/iphone-11-pro-512-u-mwcd2hn-a-apple-0-original-imafkg2fhzhzzh5s.jpeg?q=70
"APPLE iPhone SE (3rd Gen) (Product (Red), 256 GB)","₹52,990",4.3,https://rukminim1.flixcart.com/image/312/312/l0igvww0/mobile/9/6/t/-original-imagca67gxuvkmrj.jpeg?q=70
"APPLE iPhone 11 Pro (Space Grey, 64 GB)","₹1,06,600",4.6,https://rukminim1.flixcart.com/image/312/312/k2jbyq80pkrrdj/mobile-refurbished/c/u/e/iphone-11-pro-512-u-mwcd2hn-a-apple-0-original-imafkg2fhzhzzh5s.jpeg?q=70
"APPLE iPhone 6s Plus (Silver, 16 GB)","₹49,999",4.4,https://rukminim1.flixcart.com/image/312/312/mobile/f/h/u/apple-iphone-6s-plus-na-original-imaebyngvzmrsyfu.jpeg?q=70
"APPLE iPhone 6s Plus (Rose Gold, 64 GB)","₹59,999",4.4,https://rukminim1.flixcart.com/image/312/312/mobile/x/u/e/apple-iphone-6s-plus-na-original-imaebyngfadycxgt.jpeg?q=70
"Apple iPhone XR (Yellow, 64 GB) (Includes EarPods, Power Adapter)","₹39,999",4.6,https://rukminim1.flixcart.com/image/312/312/jnj7iq80/mobile/u/x/j/apple-iphone-xr-mryf2hn-a-original-imafa6zkjfkwymuz.jpeg?q=70
"APPLE iPhone XR (Blue, 64 GB)","₹39,999",4.6,https://rukminim1.flixcart.com/image/312/312/k0lbdzk0pkrrdj/mobile/f/z/3/apple-iphone-xr-mrya2hn-a-original-imafbhyvbz2hmaxd.jpeg?q=70
"APPLE iPhone X (Silver, 256 GB)","₹1,06,900",4.6,https://rukminim1.flixcart.com/image/312/312/j9d3bm80/mobile/g/x/j/apple-iphone-x-mqa62hn-a-original-imaeyzyfdzhfckef.jpeg?q=70
"APPLE iPhone 6 (Silver, 16 GB)","₹36,990",4.4,https://rukminim1.flixcart.com/image/312/312/mobile/h/k/n/apple-iphone-6-original-imaeyny5agaysfqg.jpeg?q=70
"APPLE iPhone 11 Pro (Silver, 256 GB)","₹1,12,990",4.6,https://rukminim1.flixcart.com/image/312/312/k2jbyq80pkrrdj/mobile-refurbished/k/6/h/iphone-11-pro-max-64-b-mwhf2hn-a-apple-0-original-imafkg2ftqfvr9sf.jpeg?q=70
"APPLE iPhone 6s (Gold, 16 GB)","₹41,999",4.5,https://rukminim1.flixcart.com/image/312/312/mobile/j/g/g/apple-iphone-6s-na-original-imaeby6yymhkvutk.jpeg?q=70
"APPLE iPhone 8 Plus (PRODUCT)RED (Red, 64 GB)","₹49,900",4.6,https://rukminim1.flixcart.com/image/312/312/jgffp8w0/mobile/y/4/8/apple-iphone-8-plus-product-red-special-edition-mrt72hn-a-original-imaf4gueermyhqg8.jpeg?q=70
"APPLE iPhone 7 Plus (PRODUCT) (Red, 256 GB)","₹85,400",5,https://rukminim1.flixcart.com/image/312/312/j1b0xow0/mobile/u/d/p/apple-iphone-7-plus-mn4v2hn-a-original-imaeswuhkxd62sr9.jpeg?q=70
"APPLE iPhone XR (Yellow, 128 GB)","₹44,999",4.6,https://rukminim1.flixcart.com/image/312/312/k0lbdzk0pkrrdj/mobile/y/z/f/apple-iphone-xr-mry72hn-a-original-imafbhywvgshhwhd.jpeg?q=70
"APPLE iPhone XS (Gold, 256 GB)","₹1,03,900",4.7,https://rukminim1.flixcart.com/image/312/312/jm9hfgw0/mobile/x/g/f/apple-iphone-xs-mt9k2hn-a-original-imaf97f6hqebeych.jpeg?q=70
"Apple iPhone SE (Black, 256 GB) (Includes EarPods, Power Adapter)","₹43,990",4.5,https://rukminim1.flixcart.com/image/312/312/k9loccw0/mobile/p/z/q/apple-iphone-se-mxd02hn-a-original-imafrcpjyscxm8fv.jpeg?q=70
"APPLE iPhone X (Silver, 64 GB)","₹91,900",4.6,https://rukminim1.flixcart.com/image/312/312/j9d3bm80/mobile/f/y/v/apple-iphone-x-mqa92hn-a-original-imaeyysgqbg8qmhn.jpeg?q=70
"APPLE iPhone 7 (Gold, 128 GB)","₹34,900",4.5,https://rukminim1.flixcart.com/image/312/312/k12go7k0/mobile/e/q/m/apple-iphone-7-mn942hn-a-original-imafkqe8mqaafe4g.jpeg?q=70
"APPLE iPhone 6 (Gold, 128 GB)","₹49,999",4.4,https://rukminim1.flixcart.com/image/312/312/mobile/x/x/b/apple-iphone-6-original-imaeynygkn5g4jzh.jpeg?q=70
"APPLE iPhone 6s (Silver, 16 GB)","₹41,999",4.5,https://rukminim1.flixcart.com/image/312/312/mobile/k/9/y/apple-iphone-6s-na-original-imaebym8qz2hhh8n.jpeg?q=70
"APPLE iPhone 6s Plus (Gold, 32 GB)","₹34,900",4.4,https://rukminim1.flixcart.com/image/312/312/j7qi9ow0/mobile/r/n/z/apple-iphone-6s-plus-mn2x2hn-a-original-imaexvxu2uuqrgpe.jpeg?q=70
"APPLE iPhone 8 (PRODUCT)RED (Red, 64 GB)","₹39,900",4.7,https://rukminim1.flixcart.com/image/312/312/jgffp8w0/mobile/g/g/c/apple-iphone-8-product-red-special-edition-mrrk2hn-a-original-imaf4gudf5bzzxht.jpeg?q=70
"APPLE iPhone 7 (Jet Black, 128 GB)","₹34,900",4.5,https://rukminim1.flixcart.com/image/312/312/mobile/m/t/8/apple-iphone-7-na-original-imaemzfjmrwpksbu.jpeg?q=70
"APPLE iPhone 7 (Rose Gold, 128 GB)","₹34,900",4.5,https://rukminim1.flixcart.com/image/312/312/k12go7k0/mobile/e/y/z/apple-iphone-7-mn952hn-a-original-imafkqe8ptsnpd6m.jpeg?q=70
"APPLE iPhone 11 Pro Max (Gold, 256 GB)","₹1,31,900",4.7,https://rukminim1.flixcart.com/image/312/312/k2jbyq80pkrrdj/mobile-refurbished/e/b/u/iphone-11-pro-max-64-a-mwhg2hn-a-apple-0-original-imafkg2fg3evmhuy.jpeg?q=70
"Apple iPhone SE (Black, 128 GB) (Includes EarPods, Power Adapter)","₹34,990",4.5,https://rukminim1.flixcart.com/image/312/312/k9loccw0/mobile/p/z/q/apple-iphone-se-mxd02hn-a-original-imafrcpjyscxm8fv.jpeg?q=70
"APPLE iPhone 6s (Silver, 64 GB)","₹49,999",4.5,https://rukminim1.flixcart.com/image/312/312/mobile/p/m/q/apple-iphone-6s-na-original-imaeby74sbfkswux.jpeg?q=70
"APPLE iPhone XS Max (Gold, 64 GB)","₹1,09,900",4.6,https://rukminim1.flixcart.com/image/312/312/jm9hfgw0/mobile/e/8/s/apple-iphone-xs-max-mt522hn-a-original-imaf97f6hmng8ufu.jpeg?q=70
"APPLE iPhone 6 Plus (Space Grey, 64 GB)","₹48,999",4.5,https://rukminim1.flixcart.com/image/312/312/mobile/h/z/d/apple-iphone-6-plus-original-imaeymdqfzw2zzhw.jpeg?q=70
"APPLE iPhone 11 Pro (Silver, 512 GB)","₹1,40,300",4.6,https://rukminim1.flixcart.com/image/312/312/k2jbyq80pkrrdj/mobile-refurbished/k/6/h/iphone-11-pro-max-64-b-mwhf2hn-a-apple-0-original-imafkg2ftqfvr9sf.jpeg?q=70
"APPLE iPhone 6 Plus (Silver, 16 GB)","₹40,999",4.5,https://rukminim1.flixcart.com/image/312/312/mobile/m/q/k/apple-iphone-6-plus-original-imaeymdqartzwz76.jpeg?q=70
"APPLE iPhone 7 Plus (Rose Gold, 128 GB)","₹42,900",4.5,https://rukminim1.flixcart.com/image/312/312/k13w4280/mobile/x/y/m/apple-iphone-7-plus-mn4u2hn-a-original-imafkqfhmhyzy5xz.jpeg?q=70
"APPLE iPhone 11 Pro (Gold, 512 GB)","₹1,40,300",4.6,https://rukminim1.flixcart.com/image/312/312/k2jbyq80pkrrdj/mobile-refurbished/e/b/u/iphone-11-pro-max-64-a-mwhg2hn-a-apple-0-original-imafkg2fg3evmhuy.jpeg?q=70
"APPLE iPhone XS (Silver, 256 GB)","₹1,03,900",4.7,https://rukminim1.flixcart.com/image/312/312/jm9hfgw0/mobile/g/h/c/apple-iphone-xs-mt9f2hn-a-original-imaf97f6zzfkzjcz.jpeg?q=70
"APPLE iPhone 8 Plus (PRODUCT)RED (Red, 256 GB)","₹84,900",4.6,https://rukminim1.flixcart.com/image/312/312/jgffp8w0/mobile/y/4/8/apple-iphone-8-plus-product-red-special-edition-mrt72hn-a-original-imaf4gueermyhqg8.jpeg?q=70
"APPLE iPhone 7 Plus (Silver, 128 GB)","₹42,900",4.5,https://rukminim1.flixcart.com/image/312/312/k13w4280/mobile/z/z/j/apple-iphone-7-plus-mn4x2hn-a-original-imafkqfgshtythwf.jpeg?q=70
"APPLE iPhone 6 (Gold, 64 GB)","₹62,500",4.4,https://rukminim1.flixcart.com/image/312/312/mobile/a/z/h/apple-iphone-6-original-imaeynf5tzfkzaym.jpeg?q=70
"APPLE iPhone 7 Plus (Jet Black, 128 GB)","₹42,900",4.5,https://rukminim1.flixcart.com/image/312/312/mobile/j/f/b/apple-iphone-7-plus-na-original-imaemzg7hzvnwghj.jpeg?q=70
"APPLE iPhone 7 (Silver, 128 GB)","₹34,900",4.5,https://rukminim1.flixcart.com/image/312/312/k12go7k0/mobile/b/h/n/apple-iphone-7-mn932hn-a-original-imafkqe89uazqfa3.jpeg?q=70
"APPLE iPhone X (Space Gray, 64 GB)","₹91,900",4.6,https://rukminim1.flixcart.com/image/312/312/j9d3bm80/mobile/k/x/a/apple-iphone-x-mqa82hn-a-original-imaeyysgmypxmazk.jpeg?q=70
"APPLE iPhone 13 Pro Max (Silver, 256 GB)","₹1,39,900",4.6,https://rukminim1.flixcart.com/image/312/312/ktketu80/mobile/c/g/4/iphone-13-pro-max-mlll3hn-a-apple-original-imag6vpg3r7dyvhm.jpeg?q=70
"APPLE iPhone 5C (Pink, 8 GB)","₹37,500",3.9,https://rukminim1.flixcart.com/image/312/312/kmthz0w0pkrrdj/mobile-refurbished/7/d/1/iphone-5c-32-a-na-apple-original-imadwyy4yvrgbyum.jpeg?q=70
"APPLE iPhone 8 Plus (Gold, 256 GB)","₹84,900",4.6,https://rukminim1.flixcart.com/image/312/312/j7ksia80/mobile/u/z/b/apple-iphone-8-plus-mq8j2hn-a-original-imaexsfmnxjcfc8t.jpeg?q=70
"APPLE iPhone 6 Plus (Silver, 64 GB)","₹48,999",4.5,https://rukminim1.flixcart.com/image/312/312/mobile/m/q/k/apple-iphone-6-plus-original-imaeymdqartzwz76.jpeg?q=70
"APPLE iPhone 7 Plus (Jet Black, 32 GB)","₹37,900",4.5,https://rukminim1.flixcart.com/image/312/312/j9338nk0/mobile/u/h/w/apple-iphone-7-plus-mqu72hn-a-original-imaeyyuytz4z9dmj.jpeg?q=70
"APPLE iPhone 5C (Yellow, 8 GB)","₹37,500",3.9,https://rukminim1.flixcart.com/image/312/312/kmjhw280pkrrdj/mobile-refurbished/h/q/r/iphone-5c-32-a-a1529-apple-original-imadwyy4zyr5cdpf.jpeg?q=70
"APPLE iPhone XS (Silver, 512 GB)","₹1,34,900",4.7,https://rukminim1.flixcart.com/image/312/312/jm9hfgw0/mobile/g/h/c/apple-iphone-xs-mt9f2hn-a-original-imaf97f6zzfkzjcz.jpeg?q=70
"APPLE iPhone 8 (Space Grey, 64 GB)","₹39,900",4.5,https://rukminim1.flixcart.com/image/312/312/j7ksia80/mobile/z/2/s/apple-iphone-8-mq6k2hn-a-original-imaexsbztghyprcg.jpeg?q=70
"APPLE iPhone XS Max (Silver, 256 GB)","₹1,24,900",4.6,https://rukminim1.flixcart.com/image/312/312/jm9hfgw0/mobile/c/2/j/apple-iphone-xs-max-mt542hn-a-original-imaf97f6n9eg9be4.jpeg?q=70
"APPLE iPhone 7 Plus (Black, 128 GB)","₹42,900",4.5,https://rukminim1.flixcart.com/image/312/312/k13w4280/mobile/h/q/h/apple-iphone-7-plus-mn4w2hn-a-original-imafkqfhzxgedrcu.jpeg?q=70
"APPLE iPhone 7 Plus (Red, 128 GB)","₹42,900",4.5,https://rukminim1.flixcart.com/image/312/312/j1b0xow0/mobile/k/e/t/apple-iphone-7-plus-mn4v2hn-a-original-imaeswuk6ecvqhb5.jpeg?q=70
"APPLE iPhone 7 Plus (Gold, 128 GB)","₹42,900",4.5,https://rukminim1.flixcart.com/image/312/312/k13w4280/mobile/p/p/4/apple-iphone-7-plus-mn4q2hn-a-original-imafkqfhjzsvghb8.jpeg?q=70
"APPLE iPhone 7 (Rose Gold, 256 GB)","₹74,400",4.5,https://rukminim1.flixcart.com/image/312/312/k12go7k0/mobile/e/y/z/apple-iphone-7-mn952hn-a-original-imafkqe8ptsnpd6m.jpeg?q=70
"APPLE iPhone 5s (Space Grey, 16 GB)","₹25,000",4.4,https://rukminim1.flixcart.com/image/312/312/mobile/z/h/f/apple-iphone-5s-original-imadpppc54zfpj9c.jpeg?q=70
"Apple iPhone SE (White, 128 GB) (Includes EarPods, Power Adapter)","₹34,990",4.5,https://rukminim1.flixcart.com/image/312/312/k9loccw0/mobile/6/b/z/apple-iphone-se-mxd12hn-a-original-imafrcqf9nze6evk.jpeg?q=70
"Apple iPhone XR (White, 64 GB) (Includes EarPods, Power Adapter)","₹39,999",4.6,https://rukminim1.flixcart.com/image/312/312/jnj7iq80/mobile/y/q/d/apple-iphone-xr-mry52hn-a-original-imafa6zkfgwpnsgz.jpeg?q=70
"APPLE iPhone XS Max (Silver, 512 GB)","₹1,44,900",4.6,https://rukminim1.flixcart.com/image/312/312/jm9hfgw0/mobile/c/2/j/apple-iphone-xs-max-mt542hn-a-original-imaf97f6n9eg9be4.jpeg?q=70
"APPLE iPhone 12 Pro (Graphite, 128 GB)","₹99,990",4.5,https://rukminim1.flixcart.com/image/312/312/kg8avm80/mobile/u/q/d/apple-iphone-12-pro-dummyapplefsn-original-imafwgbrbzjgug4j.jpeg?q=70
"APPLE iPhone 5s (Silver, 16 GB)","₹25,000",4.4,https://rukminim1.flixcart.com/image/312/312/mobile/5/8/2/apple-iphone-5s-a1530-original-imaehzzwzbcgg3sg.jpeg?q=70
"APPLE iPhone 7 (Gold, 256 GB)","₹74,400",4.5,https://rukminim1.flixcart.com/image/312/312/k12go7k0/mobile/e/q/m/apple-iphone-7-mn942hn-a-original-imafkqe8mqaafe4g.jpeg?q=70
"APPLE iPhone 7 (Jet Black, 256 GB)","₹74,400",4.5,https://rukminim1.flixcart.com/image/312/312/mobile/m/t/8/apple-iphone-7-na-original-imaemzfjmrwpksbu.jpeg?q=70
"APPLE iPhone 7 (Silver, 256 GB)","₹74,400",4.5,https://rukminim1.flixcart.com/image/312/312/k12go7k0/mobile/b/h/n/apple-iphone-7-mn932hn-a-original-imafkqe89uazqfa3.jpeg?q=70
"APPLE iPhone 6s Plus (Rose Gold, 128 GB)","₹70,000",4.4,https://rukminim1.flixcart.com/image/312/312/mobile/x/u/e/apple-iphone-6s-plus-na-original-imaebyngfadycxgt.jpeg?q=70
"APPLE iPhone XS (Gold, 64 GB)","₹89,900",4.7,https://rukminim1.flixcart.com/image/312/312/jm9hfgw0/mobile/x/g/f/apple-iphone-xs-mt9k2hn-a-original-imaf97f6hqebeych.jpeg?q=70
"APPLE iPhone 6s Plus (Space Grey, 16 GB)","₹72,000",4.4,https://rukminim1.flixcart.com/image/312/312/mobile/b/u/e/apple-iphone-6s-plus-na-original-imaeby7yqedxtcwv.jpeg?q=70
"APPLE iPhone 12 Pro Max (Gold, 128 GB)","₹1,09,990",4.6,https://rukminim1.flixcart.com/image/312/312/kg8avm80/mobile/g/n/w/apple-iphone-12-pro-max-dummyapplefsn-original-imafwgcyauknkgwh.jpeg?q=70
"APPLE iPhone 12 Pro Max (Graphite, 128 GB)","₹1,09,990",4.6,https://rukminim1.flixcart.com/image/312/312/kg8avm80/mobile/5/z/w/apple-iphone-12-pro-max-dummyapplefsn-original-imafwgcy7ugz3y2z.jpeg?q=70
"APPLE iPhone 6s Plus (Gold, 128 GB)","₹92,000",4.4,https://rukminim1.flixcart.com/image/312/312/mobile/d/z/u/apple-iphone-6s-plus-na-original-imaebynhzvw7dmje.jpeg?q=70
"APPLE iPhone 6s (Space Grey, 128 GB)","₹82,000",4.5,https://rukminim1.flixcart.com/image/312/312/mobile/t/e/7/apple-iphone-6s-na-original-imaebymatbv4unha.jpeg?q=70
"APPLE iPhone 6 (Silver, 128 GB)","₹71,500",4.4,https://rukminim1.flixcart.com/image/312/312/mobile/h/h/g/apple-iphone-6-original-imaeyny5hqffnnbn.jpeg?q=70
"APPLE iPhone 6 (Grey, 128 GB)","₹71,500",4.4,https://rukminim1.flixcart.com/image/312/312/mobile/f/2/j/apple-iphone-6-original-imaeymdqs5gm5xkz.jpeg?q=70
"APPLE iPhone XS (Silver, 64 GB)","₹89,900",4.7,https://rukminim1.flixcart.com/image/312/312/jm9hfgw0/mobile/g/h/c/apple-iphone-xs-mt9f2hn-a-original-imaf97f6zzfkzjcz.jpeg?q=70
"APPLE iPhone 12 Pro Max (Silver, 128 GB)","₹1,09,990",4.6,https://rukminim1.flixcart.com/image/312/312/kg8avm80/mobile/g/z/c/apple-iphone-12-pro-max-dummyapplefsn-original-imafwgcyyemh9hbg.jpeg?q=70
"APPLE iPhone 11 Pro (Gold, 256 GB)","₹1,21,300",4.6,https://rukminim1.flixcart.com/image/312/312/k2jbyq80pkrrdj/mobile-refurbished/e/b/u/iphone-11-pro-max-64-a-mwhg2hn-a-apple-0-original-imafkg2fg3evmhuy.jpeg?q=70
"APPLE iPhone 7 (Black, 128 GB)","₹34,900",4.5,https://rukminim1.flixcart.com/image/312/312/k12go7k0/mobile/7/e/e/apple-iphone-7-mn8x2hn-a-original-imafkqcqhzxuvcpd.jpeg?q=70
"APPLE iPhone 7 Plus (Silver, 32 GB)","₹37,900",4.5,https://rukminim1.flixcart.com/image/312/312/k13w4280/mobile/z/z/j/apple-iphone-7-plus-mn4x2hn-a-original-imafkqfgshtythwf.jpeg?q=70
"APPLE iPhone 7 (Jet Black, 32 GB)","₹24,999",4.5,https://rukminim1.flixcart.com/image/312/312/j9d3bm80/mobile/8/k/x/apple-iphone-7-mqtx2hn-a-original-imaeyyuygs9rzmty.jpeg?q=70
"Apple iPhone XR ((PRODUCT)RED, 128 GB) (Includes EarPods, Power Adapter)","₹44,999",4.6,https://rukminim1.flixcart.com/image/312/312/jnj7iq80/mobile/3/f/a/apple-iphone-xr-mry62hn-a-original-imafa6zkhyceh8dg.jpeg?q=70
"APPLE iPhone 11 Pro (Silver, 64 GB)","₹1,06,600",4.6,https://rukminim1.flixcart.com/image/312/312/k2jbyq80pkrrdj/mobile-refurbished/k/6/h/iphone-11-pro-max-64-b-mwhf2hn-a-apple-0-original-imafkg2ftqfvr9sf.jpeg?q=70
"APPLE iPhone 12 Pro (Graphite, 128 GB)","₹99,990",4.5,https://rukminim1.flixcart.com/image/312/312/kg8avm80/mobile/u/q/d/apple-iphone-12-pro-dummyapplefsn-original-imafwgbrbzjgug4j.jpeg?q=70
"APPLE iPhone 7 (Black, 256 GB)","₹74,400",4.5,https://rukminim1.flixcart.com/image/312/312/k12go7k0/mobile/7/e/e/apple-iphone-7-mn8x2hn-a-original-imafkqcqhzxuvcpd.jpeg?q=70
"APPLE iPhone 6s (Space Grey, 16 GB)","₹62,000",4.5,https://rukminim1.flixcart.com/image/312/312/mobile/t/e/7/apple-iphone-6s-na-original-imaebymaz5exfapw.jpeg?q=70
"APPLE iPhone X (Space Gray, 256 GB)","₹1,06,900",4.6,https://rukminim1.flixcart.com/image/312/312/j9d3bm80/mobile/g/g/q/apple-iphone-x-mqa52hn-a-original-imaeyzyfbgcwyhwg.jpeg?q=70
"APPLE iPhone 6 Plus (Space Grey, 128 GB)","₹80,500",4.5,https://rukminim1.flixcart.com/image/312/312/mobile/h/z/d/apple-iphone-6-plus-original-imaeymdqfzw2zzhw.jpeg?q=70
"APPLE iPhone 6 Plus (Gold, 64 GB)","₹71,500",4.5,https://rukminim1.flixcart.com/image/312/312/mobile/4/q/n/apple-iphone-6-plus-original-imaeymdqx2g2wtjn.jpeg?q=70
"APPLE iPhone 7 (Rose Gold, 32 GB)","₹31,500",4.5,https://rukminim1.flixcart.com/image/312/312/k12go7k0/mobile/e/y/z/apple-iphone-7-mn952hn-a-original-imafkqe8ptsnpd6m.jpeg?q=70
"APPLE iPhone 6 Plus (Gold, 128 GB)","₹80,500",4.7,https://rukminim1.flixcart.com/image/312/312/mobile/4/q/n/apple-iphone-6-plus-original-imaeymdqx2g2wtjn.jpeg?q=70
"APPLE iPhone 6s (Silver, 128 GB)","₹55,999",4.5,https://rukminim1.flixcart.com/image/312/312/mobile/k/9/y/apple-iphone-6s-na-original-imaebym8qz2hhh8n.jpeg?q=70
"Apple iPhone XR (Yellow, 128 GB) (Includes EarPods, Power Adapter)","₹44,999",4.6,https://rukminim1.flixcart.com/image/312/312/jnj7iq80/mobile/u/x/j/apple-iphone-xr-mryf2hn-a-original-imafa6zkjfkwymuz.jpeg?q=70
"APPLE iPhone XS Max (Space Grey, 64 GB)","₹1,09,900",4.6,https://rukminim1.flixcart.com/image/312/312/jm9hfgw0/mobile/f/t/a/apple-iphone-xs-max-mt532hn-a-original-imaf97f6y3spd7yz.jpeg?q=70
"APPLE iPhone 6s (Rose Gold, 128 GB)","₹55,999",4.5,https://rukminim1.flixcart.com/image/312/312/mobile/v/g/j/apple-iphone-6s-na-original-imaebym6vqhggczq.jpeg?q=70
"APPLE iPhone 6s Plus (Silver, 32 GB)","₹34,900",4.4,https://rukminim1.flixcart.com/image/312/312/j7qi9ow0/mobile/p/q/h/apple-iphone-6s-plus-mn2w2hn-a-original-imaexvxuaeuwxpsf.jpeg?q=70
"APPLE iPhone 6s (Gold, 128 GB)","₹55,999",4.5,https://rukminim1.flixcart.com/image/312/312/mobile/t/u/b/apple-iphone-6s-na-original-imaebym7xbtayesf.jpeg?q=70
"APPLE iPhone 11 Pro Max (Space Grey, 256 GB)","₹1,31,900",4.7,https://rukminim1.flixcart.com/image/312/312/k2jbyq80pkrrdj/mobile-refurbished/c/u/e/iphone-11-pro-512-u-mwcd2hn-a-apple-0-original-imafkg2fhzhzzh5s.jpeg?q=70
"APPLE iPhone 6s Plus (Gold, 64 GB)","₹59,999",4.4,https://rukminim1.flixcart.com/image/312/312/mobile/d/z/u/apple-iphone-6s-plus-na-original-imaebynhzvw7dmje.jpeg?q=70
"APPLE iPhone 6s Plus (Space Grey, 128 GB)","₹92,000",4.4,https://rukminim1.flixcart.com/image/312/312/mobile/b/u/e/apple-iphone-6s-plus-na-original-imaebynjg6gdh2zs.jpeg?q=70
"APPLE iPhone 6s Plus (Rose Gold, 16 GB)","₹49,999",4.4,https://rukminim1.flixcart.com/image/312/312/mobile/x/u/e/apple-iphone-6s-plus-na-original-imaebyngfadycxgt.jpeg?q=70
"APPLE iPhone 6s (Gold, 64 GB)","₹49,999",4.5,https://rukminim1.flixcart.com/image/312/312/mobile/t/u/b/apple-iphone-6s-na-original-imaebym7xbtayesf.jpeg?q=70
"APPLE iPhone 6s Plus (Silver, 64 GB)","₹59,999",4.4,https://rukminim1.flixcart.com/image/312/312/mobile/f/h/u/apple-iphone-6s-plus-na-original-imaebyngvzmrsyfu.jpeg?q=70
"APPLE iPhone 7 Plus (Rose Gold, 256 GB)","₹85,400",4.5,https://rukminim1.flixcart.com/image/312/312/k13w4280/mobile/x/y/m/apple-iphone-7-plus-mn4u2hn-a-original-imafkqfhmhyzy5xz.jpeg?q=70
"APPLE iPhone 12 Pro Max (Silver, 256 GB)","₹1,14,990",4.6,https://rukminim1.flixcart.com/image/312/312/kg8avm80/mobile/g/z/c/apple-iphone-12-pro-max-dummyapplefsn-original-imafwgcyyemh9hbg.jpeg?q=70
"APPLE iPhone 11 Pro (Midnight Green, 256 GB)","₹1,21,300",4.6,https://rukminim1.flixcart.com/image/312/312/k2jbyq80pkrrdj/mobile-refurbished/z/a/f/iphone-11-pro-max-256-u-mwhm2hn-a-apple-0-original-imafkg2ftc5cze5n.jpeg?q=70
"APPLE iPhone 7 Plus (Silver, 256 GB)","₹85,400",4.5,https://rukminim1.flixcart.com/image/312/312/k13w4280/mobile/z/z/j/apple-iphone-7-plus-mn4x2hn-a-original-imafkqfgshtythwf.jpeg?q=70
"APPLE iPhone XS (Space Grey, 64 GB)","₹89,900",4.7,https://rukminim1.flixcart.com/image/312/312/jm9hfgw0/mobile/y/4/u/apple-iphone-xs-mt9l2hn-a-original-imaf97f65bqbdycy.jpeg?q=70
"APPLE iPhone 12 Pro Max (Graphite, 512 GB)","₹1,19,990",4.6,https://rukminim1.flixcart.com/image/312/312/kg8avm80/mobile/5/z/w/apple-iphone-12-pro-max-dummyapplefsn-original-imafwgcy7ugz3y2z.jpeg?q=70
"APPLE iPhone XS Max (Space Grey, 512 GB)","₹1,44,900",4.6,https://rukminim1.flixcart.com/image/312/312/jm9hfgw0/mobile/f/t/a/apple-iphone-xs-max-mt532hn-a-original-imaf97f6y3spd7yz.jpeg?q=70
"APPLE iPhone 7 Plus (Rose Gold, 32 GB)","₹37,900",4.5,https://rukminim1.flixcart.com/image/312/312/k13w4280/mobile/x/y/m/apple-iphone-7-plus-mn4u2hn-a-original-imafkqfhmhyzy5xz.jpeg?q=70
"APPLE iPhone 6s Plus (Silver, 128 GB)","₹70,000",4.4,https://rukminim1.flixcart.com/image/312/312/mobile/f/h/u/apple-iphone-6s-plus-na-original-imaebyngvzmrsyfu.jpeg?q=70
"APPLE iPhone 7 Plus (Jet Black, 256 GB)","₹85,400",4.5,https://rukminim1.flixcart.com/image/312/312/mobile/j/f/b/apple-iphone-7-plus-na-original-imaemzg7hzvnwghj.jpeg?q=70
"APPLE iPhone 5C (White, 8 GB)","₹14,999",3.9,https://rukminim1.flixcart.com/image/312/312/kn3i1zk0pkrrdj/mobile-refurbished/j/e/c/iphone-5c-16-c-a1529-apple-original-imadwyy4ygz3krgw.jpeg?q=70
"APPLE iPhone 12 Pro Max (Graphite, 256 GB)","₹1,14,990",4.6,https://rukminim1.flixcart.com/image/312/312/kg8avm80/mobile/5/z/w/apple-iphone-12-pro-max-dummyapplefsn-original-imafwgcy7ugz3y2z.jpeg?q=70
"APPLE iPhone XR (Blue, 128 GB)","₹44,999",4.6,https://rukminim1.flixcart.com/image/312/312/k0lbdzk0pkrrdj/mobile/f/z/3/apple-iphone-xr-mrya2hn-a-original-imafbhyvbz2hmaxd.jpeg?q=70
"APPLE iPhone 6s Plus (Gold, 16 GB)","₹49,999",4.4,https://rukminim1.flixcart.com/image/312/312/mobile/d/z/u/apple-iphone-6s-plus-na-original-imaebynhzvw7dmje.jpeg?q=70
"APPLE iPhone XS Max (Gold, 512 GB)","₹1,44,900",4.6,https://rukminim1.flixcart.com/image/312/312/jm9hfgw0/mobile/e/8/s/apple-iphone-xs-max-mt522hn-a-original-imaf97f6hmng8ufu.jpeg?q=70
"APPLE iPhone XS Max (Silver, 64 GB)","₹1,09,900",4.6,https://rukminim1.flixcart.com/image/312/312/jm9hfgw0/mobile/c/2/j/apple-iphone-xs-max-mt542hn-a-original-imaf97f6n9eg9be4.jpeg?q=70
"APPLE iPhone 6 (Space Grey, 64 GB)","₹44,999",4.4,https://rukminim1.flixcart.com/image/312/312/mobile/f/2/j/apple-iphone-6-original-imaeymdqs5gm5xkz.jpeg?q=70
"APPLE iPhone 7 Plus (Black, 256 GB)","₹85,400",4.5,https://rukminim1.flixcart.com/image/312/312/k13w4280/mobile/h/q/h/apple-iphone-7-plus-mn4w2hn-a-original-imafkqfhzxgedrcu.jpeg?q=70
"APPLE iPhone 6s (Rose Gold, 64 GB)","₹72,000",4.5,https://rukminim1.flixcart.com/image/312/312/mobile/v/g/j/apple-iphone-6s-na-original-imaebym6vqhggczq.jpeg?q=70
"Apple iPhone XR (Black, 64 GB) (Includes EarPods, Power Adapter)","₹39,999",4.6,https://rukminim1.flixcart.com/image/312/312/jnj7iq80/mobile/u/b/g/apple-iphone-xr-mryj2hn-a-original-imafa6zkm7qhv2zd.jpeg?q=70
"APPLE iPhone 12 Pro Max (Pacific Blue, 512 GB)","₹1,19,990",4.6,https://rukminim1.flixcart.com/image/312/312/kg8avm80/mobile/c/v/t/apple-iphone-12-pro-max-dummyapplefsn-original-imafwgcyhmzhaapd.jpeg?q=70
"APPLE iPhone 7 Plus (Gold, 256 GB)","₹85,400",4.5,https://rukminim1.flixcart.com/image/312/312/k13w4280/mobile/p/p/4/apple-iphone-7-plus-mn4q2hn-a-original-imafkqfhjzsvghb8.jpeg?q=70
"Apple iPhone SE (Red, 128 GB) (Includes EarPods, Power Adapter)","₹34,990",4.5,https://rukminim1.flixcart.com/image/312/312/k9loccw0/mobile/6/8/g/apple-iphone-se-mxvv2hn-a-original-imafrcqmfh4zznmq.jpeg?q=70
